Well,Fluor,Target,Content,Sample,Cq,Starting Quantity (SQ),Cq Mean
A01,FAM,PfVarATS,Unkn,1465,NaN,NaN,0
A02,FAM,PfVarATS,Unkn,1444,NaN,NaN,0
A04,FAM,PfVarATS,Unkn,1441,NaN,NaN,0
A05,FAM,PfVarATS,Unkn,1440,NaN,NaN,0
A06,FAM,PfVarATS,Unkn,1455,NaN,NaN,0
A07,FAM,PfVarATS,Unkn,1485,NaN,NaN,0
A08,FAM,PfVarATS,Unkn,1568,NaN,NaN,0
A09,FAM,PfVarATS,Unkn,1493,NaN,NaN,0
A11,FAM,PfVarATS,Unkn,1464,NaN,NaN,0
A12,FAM,PfVarATS,Unkn,1457,NaN,NaN,0
B01,FAM,PfVarATS,Unkn,1468,NaN,NaN,0
B02,FAM,PfVarATS,Unkn,1435,NaN,NaN,0
B03,FAM,PfVarATS,Unkn,1456,38.00151342,NaN,38.00151342
B04,FAM,PfVarATS,Unkn,1469,NaN,NaN,0
B05,FAM,PfVarATS,Unkn,1569,39.09988553,NaN,39.09988553
B06,FAM,PfVarATS,Unkn,1438,NaN,NaN,0
B07,FAM,PfVarATS,Unkn,1484,NaN,NaN,0
B08,FAM,PfVarATS,Unkn,1443,NaN,NaN,0
B09,FAM,PfVarATS,Unkn,1439,NaN,NaN,0
B10,FAM,PfVarATS,Unkn,1458,NaN,NaN,0
B12,FAM,PfVarATS,Unkn,1467,NaN,NaN,0
C01,FAM,PfVarATS,Unkn,1505,NaN,NaN,0
C02,FAM,PfVarATS,Unkn,1486,NaN,NaN,0
C04,FAM,PfVarATS,Unkn,1516,37.93936503,NaN,37.93936503
C06,FAM,PfVarATS,Unkn,1504,NaN,NaN,0
C07,FAM,PfVarATS,Unkn,1507,NaN,NaN,0
C08,FAM,PfVarATS,Unkn,1506,NaN,NaN,0
C09,FAM,PfVarATS,Unkn,1550,NaN,NaN,0
C10,FAM,PfVarATS,Unkn,1547,NaN,NaN,0
C11,FAM,PfVarATS,Unkn,1432,NaN,NaN,0
D01,FAM,PfVarATS,Unkn,1488,NaN,NaN,0
D02,FAM,PfVarATS,Unkn,1471,NaN,NaN,0
D03,FAM,PfVarATS,Unkn,1472,37.96969057,NaN,37.96969057
D04,FAM,PfVarATS,Unkn,1470,37.8526341,NaN,37.8526341
D05,FAM,PfVarATS,Unkn,1489,40.23196377,NaN,40.23196377
D06,FAM,PfVarATS,Unkn,1487,NaN,NaN,0
D07,FAM,PfVarATS,Unkn,1509,NaN,NaN,0
D08,FAM,PfVarATS,Unkn,1532,NaN,NaN,0
D09,FAM,PfVarATS,Unkn,1517,NaN,NaN,0
D10,FAM,PfVarATS,Unkn,1552,37.43857679,NaN,37.43857679
D11,FAM,PfVarATS,Unkn,1508,NaN,NaN,0
D12,FAM,PfVarATS,Unkn,1510,NaN,NaN,0
E01,FAM,PfVarATS,Unkn,1527,NaN,NaN,0
E02,FAM,PfVarATS,Unkn,1526,NaN,NaN,0
E03,FAM,PfVarATS,Unkn,1520,NaN,NaN,0
E04,FAM,PfVarATS,Unkn,1519,NaN,NaN,0
E05,FAM,PfVarATS,Unkn,1518,NaN,NaN,0
E06,FAM,PfVarATS,Unkn,1442,37.68015032,NaN,37.68015032
E07,FAM,PfVarATS,Unkn,1533,NaN,NaN,0
E10,FAM,PfVarATS,Unkn,1571,NaN,NaN,0
E11,FAM,PfVarATS,Unkn,1567,NaN,NaN,0
E12,FAM,PfVarATS,Unkn,1566,41.78655184,NaN,41.78655184
F03,FAM,PfVarATS,Unkn,1436,NaN,NaN,0
F04,FAM,PfVarATS,Unkn,1437,36.41141027,NaN,36.41141027
F05,FAM,PfVarATS,Unkn,1512,NaN,NaN,0
F06,FAM,PfVarATS,Unkn,1473,NaN,NaN,0
F07,FAM,PfVarATS,Unkn,1549,40.24717956,NaN,40.24717956
F08,FAM,PfVarATS,Unkn,1546,NaN,NaN,0
F09,FAM,PfVarATS,Unkn,1564,37.85510292,NaN,37.85510292
F10,FAM,PfVarATS,Unkn,1565,39.36089683,NaN,39.36089683
F12,FAM,PfVarATS,Unkn,1529,NaN,NaN,0
G01,FAM,PfVarATS,Unkn,1573,37.89370551,NaN,37.89370551
G02,FAM,PfVarATS,Unkn,1572,NaN,NaN,0
G03,FAM,PfVarATS,Unkn,1434,NaN,NaN,0
G05,FAM,PfVarATS,Unkn,1528,NaN,NaN,0
G06,FAM,PfVarATS,Unkn,1454,40.67224276,NaN,40.67224276
G07,FAM,PfVarATS,Unkn,1492,NaN,NaN,0
A01,FAM,PfVarATS,Unkn,2253,NaN,NaN,0
A02,FAM,PfVarATS,Unkn,2254,36.57158049,NaN,36.57158049
A03,FAM,PfVarATS,Unkn,2255,NaN,NaN,0
A04,FAM,PfVarATS,Unkn,2256,NaN,NaN,0
A05,FAM,PfVarATS,Unkn,2257,38.54861478,NaN,38.54861478
A06,FAM,PfVarATS,Unkn,2258,38.1655743,NaN,38.1655743
A07,FAM,PfVarATS,Unkn,2259,NaN,NaN,0
A08,FAM,PfVarATS,Unkn,2260,NaN,NaN,0
A09,FAM,PfVarATS,Unkn,2261,NaN,NaN,0
A10,FAM,PfVarATS,Unkn,2262,NaN,NaN,0
A11,FAM,PfVarATS,Unkn,2263,42.60511505,NaN,42.60511505
A12,FAM,PfVarATS,Unkn,2264,NaN,NaN,0
B01,FAM,PfVarATS,Unkn,2265,38.07745773,NaN,38.07745773
B04,FAM,PfVarATS,Unkn,2268,NaN,NaN,0
B05,FAM,PfVarATS,Unkn,2270,NaN,NaN,0
B06,FAM,PfVarATS,Unkn,2269,NaN,NaN,0
B07,FAM,PfVarATS,Unkn,5127,37.05196244,NaN,37.05196244
B08,FAM,PfVarATS,Unkn,5128,NaN,NaN,0
B09,FAM,PfVarATS,Unkn,5129,NaN,NaN,0
B10,FAM,PfVarATS,Unkn,5130,37.7583332,NaN,37.7583332
B11,FAM,PfVarATS,Unkn,5131,NaN,NaN,0
B12,FAM,PfVarATS,Unkn,5132,36.28021084,NaN,36.28021084
C01,FAM,PfVarATS,Unkn,5133,NaN,NaN,0
C02,FAM,PfVarATS,Unkn,5134,NaN,NaN,0
C03,FAM,PfVarATS,Unkn,5135,NaN,NaN,0
C05,FAM,PfVarATS,Unkn,5137,NaN,NaN,0
C06,FAM,PfVarATS,Unkn,5138,36.30724454,NaN,36.30724454
C07,FAM,PfVarATS,Unkn,5139,NaN,NaN,0
C09,FAM,PfVarATS,Unkn,5141,NaN,NaN,0
C10,FAM,PfVarATS,Unkn,5142,NaN,NaN,0
C12,FAM,PfVarATS,Unkn,5144,NaN,NaN,0
D02,FAM,PfVarATS,Unkn,5146,NaN,NaN,0
D03,FAM,PfVarATS,Unkn,5147,NaN,NaN,0
D05,FAM,PfVarATS,Unkn,5149,NaN,NaN,0
D06,FAM,PfVarATS,Unkn,5150,NaN,NaN,0
D07,FAM,PfVarATS,Unkn,5151,NaN,NaN,0
D08,FAM,PfVarATS,Unkn,5152,NaN,NaN,0
D09,FAM,PfVarATS,Unkn,5153,NaN,NaN,0
D10,FAM,PfVarATS,Unkn,5154,37.21820063,NaN,37.21820063
D11,FAM,PfVarATS,Unkn,5155,36.96607203,NaN,36.96607203
D12,FAM,PfVarATS,Unkn,5156,NaN,NaN,0
E03,FAM,PfVarATS,Unkn,5159,38.26445385,NaN,38.26445385
E04,FAM,PfVarATS,Unkn,5160,NaN,NaN,0
E05,FAM,PfVarATS,Unkn,5161,NaN,NaN,0
E06,FAM,PfVarATS,Unkn,5162,NaN,NaN,0
E07,FAM,PfVarATS,Unkn,5163,NaN,NaN,0
E08,FAM,PfVarATS,Unkn,5164,NaN,NaN,0
E10,FAM,PfVarATS,Unkn,5166,NaN,NaN,0
E11,FAM,PfVarATS,Unkn,5167,37.83947174,NaN,37.83947174
E12,FAM,PfVarATS,Unkn,5168,NaN,NaN,0
F01,FAM,PfVarATS,Unkn,5169,NaN,NaN,0
F02,FAM,PfVarATS,Unkn,5170,NaN,NaN,0
F03,FAM,PfVarATS,Unkn,5171,NaN,NaN,0
F04,FAM,PfVarATS,Unkn,5172,36.51733749,NaN,36.51733749
F05,FAM,PfVarATS,Unkn,5173,NaN,NaN,0
F06,FAM,PfVarATS,Unkn,5174,NaN,NaN,0
F07,FAM,PfVarATS,Unkn,5175,NaN,NaN,0
F08,FAM,PfVarATS,Unkn,5176,NaN,NaN,0
F09,FAM,PfVarATS,Unkn,5177,NaN,NaN,0
F10,FAM,PfVarATS,Unkn,5178,36.18552939,NaN,36.18552939
F11,FAM,PfVarATS,Unkn,5179,NaN,NaN,0
F12,FAM,PfVarATS,Unkn,5762,NaN,NaN,0
G01,FAM,PfVarATS,Unkn,5763,NaN,NaN,0
G03,FAM,PfVarATS,Unkn,5765,NaN,NaN,0
G04,FAM,PfVarATS,Unkn,5766,NaN,NaN,0
G05,FAM,PfVarATS,Unkn,5767,NaN,NaN,0
G06,FAM,PfVarATS,Unkn,5768,NaN,NaN,0
G07,FAM,PfVarATS,Unkn,5769,NaN,NaN,0
G11,FAM,PfVarATS,Unkn,5773,NaN,NaN,0
G12,FAM,PfVarATS,Unkn,5774,NaN,NaN,0
H01,FAM,PfVarATS,Unkn,5775,NaN,NaN,0
H02,FAM,PfVarATS,Unkn,5776,NaN,NaN,0
H03,FAM,PfVarATS,Unkn,5777,NaN,NaN,0
H05,FAM,PfVarATS,Unkn,5779,NaN,NaN,0
H06,FAM,PfVarATS,Unkn,5780,NaN,NaN,0
H08,FAM,PfVarATS,Unkn,5782,NaN,NaN,0
H09,FAM,PfVarATS,Unkn,5783,NaN,NaN,0
H10,FAM,PfVarATS,Unkn,5784,NaN,NaN,0
A01,FAM,PfVarATS,Unkn,2110,NaN,NaN,0
A02,FAM,PfVarATS,Unkn,2111,NaN,NaN,0
A03,FAM,PfVarATS,Unkn,2112,NaN,NaN,0
A04,FAM,PfVarATS,Unkn,2113,NaN,NaN,0
A05,FAM,PfVarATS,Unkn,2114,NaN,NaN,0
A09,FAM,PfVarATS,Unkn,2118,NaN,NaN,0
A10,FAM,PfVarATS,Unkn,5423,NaN,NaN,0
A11,FAM,PfVarATS,Unkn,5424,NaN,NaN,0
A12,FAM,PfVarATS,Unkn,5425,NaN,NaN,0
B01,FAM,PfVarATS,Unkn,5426,41.48745001,NaN,41.48745001
B02,FAM,PfVarATS,Unkn,5427,NaN,NaN,0
B03,FAM,PfVarATS,Unkn,5428,NaN,NaN,0
B04,FAM,PfVarATS,Unkn,5429,NaN,NaN,0
B05,FAM,PfVarATS,Unkn,5430,NaN,NaN,0
B06,FAM,PfVarATS,Unkn,5431,38.28442765,NaN,38.28442765
B07,FAM,PfVarATS,Unkn,5432,NaN,NaN,0
B08,FAM,PfVarATS,Unkn,5433,NaN,NaN,0
B09,FAM,PfVarATS,Unkn,5434,NaN,NaN,0
B10,FAM,PfVarATS,Unkn,5435,NaN,NaN,0
B11,FAM,PfVarATS,Unkn,5436,NaN,NaN,0
B12,FAM,PfVarATS,Unkn,5437,NaN,NaN,0
C01,FAM,PfVarATS,Unkn,5438,NaN,NaN,0
C03,FAM,PfVarATS,Unkn,5440,NaN,NaN,0
C04,FAM,PfVarATS,Unkn,5441,40.82306893,NaN,40.82306893
C05,FAM,PfVarATS,Unkn,5442,NaN,NaN,0
C06,FAM,PfVarATS,Unkn,5443,NaN,NaN,0
C07,FAM,PfVarATS,Unkn,5444,NaN,NaN,0
C08,FAM,PfVarATS,Unkn,5445,NaN,NaN,0
C09,FAM,PfVarATS,Unkn,5446,NaN,NaN,0
C10,FAM,PfVarATS,Unkn,5447,NaN,NaN,0
C11,FAM,PfVarATS,Unkn,5448,NaN,NaN,0
C12,FAM,PfVarATS,Unkn,5449,NaN,NaN,0
D01,FAM,PfVarATS,Unkn,5450,NaN,NaN,0
D02,FAM,PfVarATS,Unkn,5451,NaN,NaN,0
D03,FAM,PfVarATS,Unkn,5452,NaN,NaN,0
D04,FAM,PfVarATS,Unkn,5453,NaN,NaN,0
D05,FAM,PfVarATS,Unkn,5454,NaN,NaN,0
D06,FAM,PfVarATS,Unkn,5455,NaN,NaN,0
D07,FAM,PfVarATS,Unkn,5456,NaN,NaN,0
D08,FAM,PfVarATS,Unkn,5457,NaN,NaN,0
D09,FAM,PfVarATS,Unkn,5458,NaN,NaN,0
D10,FAM,PfVarATS,Unkn,5459,40.8203203,NaN,40.8203203
D12,FAM,PfVarATS,Unkn,5461,43.71731301,NaN,43.71731301
E01,FAM,PfVarATS,Unkn,5462,NaN,NaN,0
E02,FAM,PfVarATS,Unkn,5463,NaN,NaN,0
E03,FAM,PfVarATS,Unkn,5464,NaN,NaN,0
E04,FAM,PfVarATS,Unkn,5465,NaN,NaN,0
E05,FAM,PfVarATS,Unkn,5466,NaN,NaN,0
E06,FAM,PfVarATS,Unkn,5467,NaN,NaN,0
E07,FAM,PfVarATS,Unkn,5468,NaN,NaN,0
E08,FAM,PfVarATS,Unkn,5469,41.68535886,NaN,41.68535886
E09,FAM,PfVarATS,Unkn,5470,NaN,NaN,0
E10,FAM,PfVarATS,Unkn,5471,NaN,NaN,0
E11,FAM,PfVarATS,Unkn,5472,NaN,NaN,0
E12,FAM,PfVarATS,Unkn,5473,NaN,NaN,0
F01,FAM,PfVarATS,Unkn,5474,NaN,NaN,0
F02,FAM,PfVarATS,Unkn,5475,NaN,NaN,0
F03,FAM,PfVarATS,Unkn,5476,NaN,NaN,0
F04,FAM,PfVarATS,Unkn,5477,NaN,NaN,0
F05,FAM,PfVarATS,Unkn,5478,NaN,NaN,0
F06,FAM,PfVarATS,Unkn,5479,NaN,NaN,0
F07,FAM,PfVarATS,Unkn,5480,NaN,NaN,0
F10,FAM,PfVarATS,Unkn,5482,38.05930676,NaN,38.05930676
F11,FAM,PfVarATS,Unkn,5483,NaN,NaN,0
F12,FAM,PfVarATS,Unkn,5484,NaN,NaN,0
G01,FAM,PfVarATS,Unkn,5485,NaN,NaN,0
G02,FAM,PfVarATS,Unkn,5486,NaN,NaN,0
G03,FAM,PfVarATS,Unkn,5487,NaN,NaN,0
G04,FAM,PfVarATS,Unkn,5488,NaN,NaN,0
G05,FAM,PfVarATS,Unkn,5489,NaN,NaN,0
G06,FAM,PfVarATS,Unkn,5490,NaN,NaN,0
G07,FAM,PfVarATS,Unkn,5491,NaN,NaN,0
G08,FAM,PfVarATS,Unkn,5492,NaN,NaN,0
G09,FAM,PfVarATS,Unkn,5493,43.9043623,NaN,43.9043623
G10,FAM,PfVarATS,Unkn,5494,NaN,NaN,0
G11,FAM,PfVarATS,Unkn,5495,NaN,NaN,0
H01,FAM,PfVarATS,Unkn,5497,NaN,NaN,0
H02,FAM,PfVarATS,Unkn,5498,39.10145586,NaN,39.10145586
H03,FAM,PfVarATS,Unkn,5499,NaN,NaN,0
H04,FAM,PfVarATS,Unkn,5500,NaN,NaN,0
H05,FAM,PfVarATS,Unkn,5501,NaN,NaN,0
H06,FAM,PfVarATS,Unkn,5502,NaN,NaN,0
H07,FAM,PfVarATS,Unkn,5503,NaN,NaN,0
A01,FAM,PfVarATS,Unkn,1297,37.51083268,NaN,37.51083268
A02,FAM,PfVarATS,Unkn,1298,NaN,NaN,0
A03,FAM,PfVarATS,Unkn,1299,37.88607254,NaN,37.88607254
A04,FAM,PfVarATS,Unkn,1300,NaN,NaN,0
A06,FAM,PfVarATS,Unkn,1302,NaN,NaN,0
A07,FAM,PfVarATS,Unkn,1303,NaN,NaN,0
A08,FAM,PfVarATS,Unkn,1304,NaN,NaN,0
A09,FAM,PfVarATS,Unkn,1305,37.06637443,NaN,37.06637443
A10,FAM,PfVarATS,Unkn,1306,NaN,NaN,0
A11,FAM,PfVarATS,Unkn,1307,37.06955504,NaN,37.06955504
B01,FAM,PfVarATS,Unkn,1309,NaN,NaN,0
B02,FAM,PfVarATS,Unkn,1310,NaN,NaN,0
B03,FAM,PfVarATS,Unkn,1311,NaN,NaN,0
B06,FAM,PfVarATS,Unkn,1314,NaN,NaN,0
B07,FAM,PfVarATS,Unkn,1315,NaN,NaN,0
B08,FAM,PfVarATS,Unkn,1316,36.65693834,NaN,36.65693834
B09,FAM,PfVarATS,Unkn,1337,NaN,NaN,0
B10,FAM,PfVarATS,Unkn,1338,NaN,NaN,0
B11,FAM,PfVarATS,Unkn,1339,NaN,NaN,0
B12,FAM,PfVarATS,Unkn,1340,NaN,NaN,0
C01,FAM,PfVarATS,Unkn,1341,36.44423073,NaN,36.44423073
C02,FAM,PfVarATS,Unkn,1342,36.32987467,NaN,36.32987467
C03,FAM,PfVarATS,Unkn,1343,NaN,NaN,0
C05,FAM,PfVarATS,Unkn,1345,36.5154817,NaN,36.5154817
C06,FAM,PfVarATS,Unkn,1346,NaN,NaN,0
C07,FAM,PfVarATS,Unkn,1357,NaN,NaN,0
C08,FAM,PfVarATS,Unkn,1358,NaN,NaN,0
C09,FAM,PfVarATS,Unkn,1359,37.5749578,NaN,37.5749578
C10,FAM,PfVarATS,Unkn,1360,NaN,NaN,0
C11,FAM,PfVarATS,Unkn,1361,NaN,NaN,0
C12,FAM,PfVarATS,Unkn,1362,36.64905868,NaN,36.64905868
D02,FAM,PfVarATS,Unkn,1364,NaN,NaN,0
D04,FAM,PfVarATS,Unkn,1366,36.38840635,NaN,36.38840635
D05,FAM,PfVarATS,Unkn,1367,36.04332427,NaN,36.04332427
D06,FAM,PfVarATS,Unkn,1368,36.49815536,NaN,36.49815536
D08,FAM,PfVarATS,Unkn,1370,37.45920414,NaN,37.45920414
D09,FAM,PfVarATS,Unkn,1371,36.05767641,NaN,36.05767641
D10,FAM,PfVarATS,Unkn,1377,NaN,NaN,0
D11,FAM,PfVarATS,Unkn,1378,NaN,NaN,0
D12,FAM,PfVarATS,Unkn,1379,36.32446604,NaN,36.32446604
E01,FAM,PfVarATS,Unkn,1380,37.07620971,NaN,37.07620971
E02,FAM,PfVarATS,Unkn,1381,36.99814246,NaN,36.99814246
E03,FAM,PfVarATS,Unkn,1382,37.1062758,NaN,37.1062758
E04,FAM,PfVarATS,Unkn,1383,NaN,NaN,0
E05,FAM,PfVarATS,Unkn,1384,NaN,NaN,0
E06,FAM,PfVarATS,Unkn,1385,NaN,NaN,0
E07,FAM,PfVarATS,Unkn,1386,NaN,NaN,0
E08,FAM,PfVarATS,Unkn,1387,36.32909965,NaN,36.32909965
E09,FAM,PfVarATS,Unkn,1388,36.79155199,NaN,36.79155199
E10,FAM,PfVarATS,Unkn,1389,NaN,NaN,0
E11,FAM,PfVarATS,Unkn,1394,NaN,NaN,0
E12,FAM,PfVarATS,Unkn,1395,NaN,NaN,0
F01,FAM,PfVarATS,Unkn,1396,NaN,NaN,0
F02,FAM,PfVarATS,Unkn,1397,NaN,NaN,0
F03,FAM,PfVarATS,Unkn,1398,NaN,NaN,0
F04,FAM,PfVarATS,Unkn,1399,36.2253817,NaN,36.2253817
F05,FAM,PfVarATS,Unkn,1400,NaN,NaN,0
F06,FAM,PfVarATS,Unkn,1401,38.46061568,NaN,38.46061568
F07,FAM,PfVarATS,Unkn,1402,36.03227404,NaN,36.03227404
F08,FAM,PfVarATS,Unkn,1403,NaN,NaN,0
F09,FAM,PfVarATS,Unkn,1404,NaN,NaN,0
F10,FAM,PfVarATS,Unkn,1405,36.21798545,NaN,36.21798545
F11,FAM,PfVarATS,Unkn,1406,37.32532978,NaN,37.32532978
F12,FAM,PfVarATS,Unkn,1407,36.23255995,NaN,36.23255995
G01,FAM,PfVarATS,Unkn,1408,NaN,NaN,0
G02,FAM,PfVarATS,Unkn,1409,36.47941677,NaN,36.47941677
G03,FAM,PfVarATS,Unkn,1410,NaN,NaN,0
G04,FAM,PfVarATS,Unkn,1411,36.44279771,NaN,36.44279771
G05,FAM,PfVarATS,Unkn,1412,37.43405136,NaN,37.43405136
G07,FAM,PfVarATS,Unkn,1414,NaN,NaN,0
G08,FAM,PfVarATS,Unkn,1415,NaN,NaN,0
G09,FAM,PfVarATS,Unkn,1416,NaN,NaN,0
G12,FAM,PfVarATS,Unkn,1419,36.45187379,NaN,36.45187379
H01,FAM,PfVarATS,Unkn,1420,NaN,NaN,0
H03,FAM,PfVarATS,Unkn,1422,NaN,NaN,0
H04,FAM,PfVarATS,Unkn,1425,36.74552352,NaN,36.74552352
H05,FAM,PfVarATS,Unkn,1426,NaN,NaN,0
H06,FAM,PfVarATS,Unkn,1427,NaN,NaN,0
H07,FAM,PfVarATS,Unkn,1428,NaN,NaN,0
H08,FAM,PfVarATS,Unkn,1429,NaN,NaN,0
H09,FAM,PfVarATS,Unkn,1430,36.3532373,NaN,36.3532373
H10,FAM,PfVarATS,Unkn,1431,NaN,NaN,0
A01,FAM,PfVarATS,Unkn,4783,NaN,NaN,0
A02,FAM,PfVarATS,Unkn,4784,NaN,NaN,0
A03,FAM,PfVarATS,Unkn,4785,NaN,NaN,0
A04,FAM,PfVarATS,Unkn,4786,36.36485186,NaN,36.36485186
A05,FAM,PfVarATS,Unkn,4787,NaN,NaN,0
A06,FAM,PfVarATS,Unkn,4788,38.08589156,NaN,38.08589156
A07,FAM,PfVarATS,Unkn,4789,NaN,NaN,0
A08,FAM,PfVarATS,Unkn,4790,NaN,NaN,0
A09,FAM,PfVarATS,Unkn,4791,NaN,NaN,0
A10,FAM,PfVarATS,Unkn,4792,NaN,NaN,0
A11,FAM,PfVarATS,Unkn,4793,NaN,NaN,0
A12,FAM,PfVarATS,Unkn,4794,NaN,NaN,0
B01,FAM,PfVarATS,Unkn,4795,NaN,NaN,0
B02,FAM,PfVarATS,Unkn,4796,NaN,NaN,0
B03,FAM,PfVarATS,Unkn,4797,NaN,NaN,0
B04,FAM,PfVarATS,Unkn,4798,NaN,NaN,0
B05,FAM,PfVarATS,Unkn,4799,NaN,NaN,0
B06,FAM,PfVarATS,Unkn,4800,NaN,NaN,0
B07,FAM,PfVarATS,Unkn,4801,NaN,NaN,0
B09,FAM,PfVarATS,Unkn,4803,NaN,NaN,0
B11,FAM,PfVarATS,Unkn,4805,NaN,NaN,0
B12,FAM,PfVarATS,Unkn,4809,NaN,NaN,0
C01,FAM,PfVarATS,Unkn,4806,NaN,NaN,0
C02,FAM,PfVarATS,Unkn,4807,NaN,NaN,0
C03,FAM,PfVarATS,Unkn,4808,42.96700849,NaN,42.96700849
C04,FAM,PfVarATS,Unkn,4810,NaN,NaN,0
C05,FAM,PfVarATS,Unkn,4811,NaN,NaN,0
C06,FAM,PfVarATS,Unkn,4812,42.0395491,NaN,42.0395491
C07,FAM,PfVarATS,Unkn,4813,NaN,NaN,0
C08,FAM,PfVarATS,Unkn,4814,NaN,NaN,0
C09,FAM,PfVarATS,Unkn,4815,NaN,NaN,0
C10,FAM,PfVarATS,Unkn,4816,NaN,NaN,0
C11,FAM,PfVarATS,Unkn,4817,NaN,NaN,0
C12,FAM,PfVarATS,Unkn,4818,NaN,NaN,0
D01,FAM,PfVarATS,Unkn,4819,NaN,NaN,0
D02,FAM,PfVarATS,Unkn,4820,NaN,NaN,0
D03,FAM,PfVarATS,Unkn,4821,NaN,NaN,0
D04,FAM,PfVarATS,Unkn,4822,NaN,NaN,0
D05,FAM,PfVarATS,Unkn,4823,44.33801434,NaN,44.33801434
D06,FAM,PfVarATS,Unkn,4824,NaN,NaN,0
D07,FAM,PfVarATS,Unkn,4825,NaN,NaN,0
D08,FAM,PfVarATS,Unkn,4826,NaN,NaN,0
D09,FAM,PfVarATS,Unkn,4827,NaN,NaN,0
D11,FAM,PfVarATS,Unkn,4829,NaN,NaN,0
E05,FAM,PfVarATS,Unkn,4835,40.68072855,NaN,40.68072855
E06,FAM,PfVarATS,Unkn,4836,NaN,NaN,0
E08,FAM,PfVarATS,Unkn,4838,NaN,NaN,0
E09,FAM,PfVarATS,Unkn,4839,37.80337845,NaN,37.80337845
E11,FAM,PfVarATS,Unkn,4841,NaN,NaN,0
E12,FAM,PfVarATS,Unkn,4842,NaN,NaN,0
F01,FAM,PfVarATS,Unkn,4843,NaN,NaN,0
F02,FAM,PfVarATS,Unkn,4844,NaN,NaN,0
F03,FAM,PfVarATS,Unkn,4845,NaN,NaN,0
F04,FAM,PfVarATS,Unkn,4846,NaN,NaN,0
F05,FAM,PfVarATS,Unkn,4847,NaN,NaN,0
F07,FAM,PfVarATS,Unkn,2811,37.08911369,NaN,37.08911369
F08,FAM,PfVarATS,Unkn,2812,NaN,NaN,0
F09,FAM,PfVarATS,Unkn,2813,NaN,NaN,0
F10,FAM,PfVarATS,Unkn,2814,NaN,NaN,0
F11,FAM,PfVarATS,Unkn,2815,NaN,NaN,0
F12,FAM,PfVarATS,Unkn,2816,NaN,NaN,0
G01,FAM,PfVarATS,Unkn,2817,NaN,NaN,0
G02,FAM,PfVarATS,Unkn,2818,39.88225173,NaN,39.88225173
G03,FAM,PfVarATS,Unkn,2819,NaN,NaN,0
G04,FAM,PfVarATS,Unkn,2820,NaN,NaN,0
G05,FAM,PfVarATS,Unkn,2821,NaN,NaN,0
G06,FAM,PfVarATS,Unkn,2822,NaN,NaN,0
G07,FAM,PfVarATS,Unkn,2823,NaN,NaN,0
G08,FAM,PfVarATS,Unkn,2824,NaN,NaN,0
G09,FAM,PfVarATS,Unkn,2825,NaN,NaN,0
G10,FAM,PfVarATS,Unkn,2826,NaN,NaN,0
G11,FAM,PfVarATS,Unkn,2827,NaN,NaN,0
G12,FAM,PfVarATS,Unkn,2828,NaN,NaN,0
H01,FAM,PfVarATS,Unkn,2829,NaN,NaN,0
H02,FAM,PfVarATS,Unkn,2830,NaN,NaN,0
H03,FAM,PfVarATS,Unkn,2831,NaN,NaN,0
H04,FAM,PfVarATS,Unkn,2832,NaN,NaN,0
H05,FAM,PfVarATS,Unkn,2833,NaN,NaN,0
H06,FAM,PfVarATS,Unkn,2834,NaN,NaN,0
A01,FAM,PfVarATS,Unkn,2435,NaN,NaN,0
A02,FAM,PfVarATS,Unkn,2436,NaN,NaN,0
A03,FAM,PfVarATS,Unkn,2437,NaN,NaN,0
A04,FAM,PfVarATS,Unkn,2438,NaN,NaN,0
A05,FAM,PfVarATS,Unkn,2439,NaN,NaN,0
A06,FAM,PfVarATS,Unkn,2440,NaN,NaN,0
A07,FAM,PfVarATS,Unkn,2441,39.58153151,NaN,39.58153151
A08,FAM,PfVarATS,Unkn,2442,NaN,NaN,0
A09,FAM,PfVarATS,Unkn,2443,NaN,NaN,0
A10,FAM,PfVarATS,Unkn,2444,NaN,NaN,0
A11,FAM,PfVarATS,Unkn,2445,NaN,NaN,0
A12,FAM,PfVarATS,Unkn,2446,44.75238173,NaN,44.75238173
B01,FAM,PfVarATS,Unkn,2447,NaN,NaN,0
B02,FAM,PfVarATS,Unkn,2448,NaN,NaN,0
B03,FAM,PfVarATS,Unkn,2449,37.59040296,NaN,37.59040296
B04,FAM,PfVarATS,Unkn,2450,NaN,NaN,0
B05,FAM,PfVarATS,Unkn,2451,NaN,NaN,0
B07,FAM,PfVarATS,Unkn,2453,NaN,NaN,0
B08,FAM,PfVarATS,Unkn,2454,NaN,NaN,0
B09,FAM,PfVarATS,Unkn,2455,NaN,NaN,0
B10,FAM,PfVarATS,Unkn,2534,NaN,NaN,0
B11,FAM,PfVarATS,Unkn,2535,NaN,NaN,0
B12,FAM,PfVarATS,Unkn,2536,NaN,NaN,0
C02,FAM,PfVarATS,Unkn,2538,NaN,NaN,0
C03,FAM,PfVarATS,Unkn,2539,40.03504874,NaN,40.03504874
C04,FAM,PfVarATS,Unkn,2540,37.36562899,NaN,37.36562899
C05,FAM,PfVarATS,Unkn,2541,NaN,NaN,0
C06,FAM,PfVarATS,Unkn,2542,39.84622353,NaN,39.84622353
C07,FAM,PfVarATS,Unkn,2543,NaN,NaN,0
C08,FAM,PfVarATS,Unkn,2544,37.81214123,NaN,37.81214123
C09,FAM,PfVarATS,Unkn,2545,NaN,NaN,0
C10,FAM,PfVarATS,Unkn,2546,40.39933175,NaN,40.39933175
C11,FAM,PfVarATS,Unkn,2547,NaN,NaN,0
C12,FAM,PfVarATS,Unkn,2548,NaN,NaN,0
D01,FAM,PfVarATS,Unkn,2549,38.89088407,NaN,38.89088407
D02,FAM,PfVarATS,Unkn,2550,NaN,NaN,0
D03,FAM,PfVarATS,Unkn,2551,NaN,NaN,0
D04,FAM,PfVarATS,Unkn,2552,37.66011515,NaN,37.66011515
D05,FAM,PfVarATS,Unkn,2553,NaN,NaN,0
D06,FAM,PfVarATS,Unkn,2554,NaN,NaN,0
D07,FAM,PfVarATS,Unkn,2555,41.75100168,NaN,41.75100168
D08,FAM,PfVarATS,Unkn,2556,41.64181051,NaN,41.64181051
D09,FAM,PfVarATS,Unkn,2557,NaN,NaN,0
D10,FAM,PfVarATS,Unkn,2558,NaN,NaN,0
D11,FAM,PfVarATS,Unkn,2559,NaN,NaN,0
D12,FAM,PfVarATS,Unkn,2560,NaN,NaN,0
E01,FAM,PfVarATS,Unkn,2561,36.46977929,NaN,36.46977929
E02,FAM,PfVarATS,Unkn,2562,NaN,NaN,0
E03,FAM,PfVarATS,Unkn,2563,NaN,NaN,0
E04,FAM,PfVarATS,Unkn,2564,40.57714919,NaN,40.57714919
E05,FAM,PfVarATS,Unkn,2565,NaN,NaN,0
E06,FAM,PfVarATS,Unkn,2566,NaN,NaN,0
E07,FAM,PfVarATS,Unkn,2567,NaN,NaN,0
E08,FAM,PfVarATS,Unkn,2568,NaN,NaN,0
E09,FAM,PfVarATS,Unkn,2569,NaN,NaN,0
E10,FAM,PfVarATS,Unkn,2570,NaN,NaN,0
E11,FAM,PfVarATS,Unkn,2571,NaN,NaN,0
E12,FAM,PfVarATS,Unkn,2572,41.31457892,NaN,41.31457892
F01,FAM,PfVarATS,Unkn,2573,NaN,NaN,0
F02,FAM,PfVarATS,Unkn,2574,NaN,NaN,0
F03,FAM,PfVarATS,Unkn,2575,NaN,NaN,0
F04,FAM,PfVarATS,Unkn,2576,39.16759745,NaN,39.16759745
F05,FAM,PfVarATS,Unkn,2577,NaN,NaN,0
F06,FAM,PfVarATS,Unkn,2578,NaN,NaN,0
F07,FAM,PfVarATS,Unkn,2579,NaN,NaN,0
F08,FAM,PfVarATS,Unkn,2580,NaN,NaN,0
F09,FAM,PfVarATS,Unkn,2581,38.85035838,NaN,38.85035838
F10,FAM,PfVarATS,Unkn,2582,39.7114002,NaN,39.7114002
F11,FAM,PfVarATS,Unkn,2583,NaN,NaN,0
F12,FAM,PfVarATS,Unkn,2584,NaN,NaN,0
G01,FAM,PfVarATS,Unkn,2585,NaN,NaN,0
G02,FAM,PfVarATS,Unkn,2586,NaN,NaN,0
G03,FAM,PfVarATS,Unkn,2587,NaN,NaN,0
G04,FAM,PfVarATS,Unkn,2588,NaN,NaN,0
G05,FAM,PfVarATS,Unkn,2589,NaN,NaN,0
G06,FAM,PfVarATS,Unkn,2590,NaN,NaN,0
G07,FAM,PfVarATS,Unkn,2591,NaN,NaN,0
G08,FAM,PfVarATS,Unkn,2592,36.35973298,NaN,36.35973298
G09,FAM,PfVarATS,Unkn,2593,40.78676021,NaN,40.78676021
G10,FAM,PfVarATS,Unkn,2594,NaN,NaN,0
G11,FAM,PfVarATS,Unkn,2595,NaN,NaN,0
G12,FAM,PfVarATS,Unkn,2596,39.64334132,NaN,39.64334132
H01,FAM,PfVarATS,Unkn,2597,36.64883176,NaN,36.64883176
H02,FAM,PfVarATS,Unkn,2598,NaN,NaN,0
H03,FAM,PfVarATS,Unkn,2599,NaN,NaN,0
H04,FAM,PfVarATS,Unkn,2600,NaN,NaN,0
H05,FAM,PfVarATS,Unkn,2601,NaN,NaN,0
H06,FAM,PfVarATS,Unkn,1292,NaN,NaN,0
H07,FAM,PfVarATS,Unkn,1293,40.4209949,NaN,40.4209949
H08,FAM,PfVarATS,Unkn,1294,NaN,NaN,0
H09,FAM,PfVarATS,Unkn,1295,37.03547594,NaN,37.03547594
H10,FAM,PfVarATS,Unkn,1296,NaN,NaN,0
A01,FAM,PfVarATS,Unkn,5785,NaN,NaN,0
A02,FAM,PfVarATS,Unkn,5786,NaN,NaN,0
A03,FAM,PfVarATS,Unkn,5787,NaN,NaN,0
A04,FAM,PfVarATS,Unkn,5788,NaN,NaN,0
A05,FAM,PfVarATS,Unkn,5789,NaN,NaN,0
A06,FAM,PfVarATS,Unkn,5790,NaN,NaN,0
A07,FAM,PfVarATS,Unkn,5791,NaN,NaN,0
A08,FAM,PfVarATS,Unkn,5792,NaN,NaN,0
A09,FAM,PfVarATS,Unkn,5793,NaN,NaN,0
A10,FAM,PfVarATS,Unkn,5794,NaN,NaN,0
A11,FAM,PfVarATS,Unkn,5795,NaN,NaN,0
A12,FAM,PfVarATS,Unkn,5796,NaN,NaN,0
B02,FAM,PfVarATS,Unkn,5798,NaN,NaN,0
B03,FAM,PfVarATS,Unkn,5799,NaN,NaN,0
B04,FAM,PfVarATS,Unkn,5800,NaN,NaN,0
B05,FAM,PfVarATS,Unkn,5801,NaN,NaN,0
B08,FAM,PfVarATS,Unkn,5804,NaN,NaN,0
B09,FAM,PfVarATS,Unkn,5805,NaN,NaN,0
B10,FAM,PfVarATS,Unkn,5806,NaN,NaN,0
B11,FAM,PfVarATS,Unkn,5807,NaN,NaN,0
B12,FAM,PfVarATS,Unkn,1594,NaN,NaN,0
C01,FAM,PfVarATS,Unkn,1595,NaN,NaN,0
C02,FAM,PfVarATS,Unkn,1596,NaN,NaN,0
C03,FAM,PfVarATS,Unkn,1597,NaN,NaN,0
C04,FAM,PfVarATS,Unkn,1598,NaN,NaN,0
C05,FAM,PfVarATS,Unkn,1599,NaN,NaN,0
C06,FAM,PfVarATS,Unkn,1600,NaN,NaN,0
C07,FAM,PfVarATS,Unkn,1601,NaN,NaN,0
C09,FAM,PfVarATS,Unkn,1603,NaN,NaN,0
C10,FAM,PfVarATS,Unkn,1604,NaN,NaN,0
C11,FAM,PfVarATS,Unkn,1605,NaN,NaN,0
C12,FAM,PfVarATS,Unkn,1606,NaN,NaN,0
D01,FAM,PfVarATS,Unkn,1607,NaN,NaN,0
D02,FAM,PfVarATS,Unkn,1608,NaN,NaN,0
D03,FAM,PfVarATS,Unkn,1609,NaN,NaN,0
D04,FAM,PfVarATS,Unkn,1610,NaN,NaN,0
D05,FAM,PfVarATS,Unkn,1611,NaN,NaN,0
D06,FAM,PfVarATS,Unkn,1612,NaN,NaN,0
D07,FAM,PfVarATS,Unkn,1613,NaN,NaN,0
D08,FAM,PfVarATS,Unkn,1614,NaN,NaN,0
D09,FAM,PfVarATS,Unkn,1615,NaN,NaN,0
D10,FAM,PfVarATS,Unkn,1616,NaN,NaN,0
D11,FAM,PfVarATS,Unkn,1617,NaN,NaN,0
D12,FAM,PfVarATS,Unkn,1618,NaN,NaN,0
E01,FAM,PfVarATS,Unkn,1619,NaN,NaN,0
E02,FAM,PfVarATS,Unkn,1620,NaN,NaN,0
E03,FAM,PfVarATS,Unkn,1621,38.40443905,NaN,38.40443905
E04,FAM,PfVarATS,Unkn,1622,NaN,NaN,0
E05,FAM,PfVarATS,Unkn,1623,NaN,NaN,0
E06,FAM,PfVarATS,Unkn,1624,NaN,NaN,0
E07,FAM,PfVarATS,Unkn,1625,NaN,NaN,0
E08,FAM,PfVarATS,Unkn,1626,NaN,NaN,0
E09,FAM,PfVarATS,Unkn,1627,NaN,NaN,0
E10,FAM,PfVarATS,Unkn,1628,NaN,NaN,0
E11,FAM,PfVarATS,Unkn,1629,NaN,NaN,0
E12,FAM,PfVarATS,Unkn,1630,NaN,NaN,0
F01,FAM,PfVarATS,Unkn,1631,NaN,NaN,0
F02,FAM,PfVarATS,Unkn,1632,NaN,NaN,0
F03,FAM,PfVarATS,Unkn,1633,NaN,NaN,0
F04,FAM,PfVarATS,Unkn,1634,NaN,NaN,0
F05,FAM,PfVarATS,Unkn,1635,NaN,NaN,0
F07,FAM,PfVarATS,Unkn,1637,NaN,NaN,0
F08,FAM,PfVarATS,Unkn,1638,NaN,NaN,0
F09,FAM,PfVarATS,Unkn,1639,NaN,NaN,0
F10,FAM,PfVarATS,Unkn,1640,NaN,NaN,0
F11,FAM,PfVarATS,Unkn,1641,NaN,NaN,0
F12,FAM,PfVarATS,Unkn,1642,NaN,NaN,0
G01,FAM,PfVarATS,Unkn,1643,NaN,NaN,0
G02,FAM,PfVarATS,Unkn,1644,NaN,NaN,0
G03,FAM,PfVarATS,Unkn,1645,NaN,NaN,0
G06,FAM,PfVarATS,Unkn,1648,NaN,NaN,0
G07,FAM,PfVarATS,Unkn,1649,NaN,NaN,0
G09,FAM,PfVarATS,Unkn,1651,NaN,NaN,0
G11,FAM,PfVarATS,Unkn,1672,NaN,NaN,0
H02,FAM,PfVarATS,Unkn,1675,38.43959836,NaN,38.43959836
H03,FAM,PfVarATS,Unkn,1676,NaN,NaN,0
H04,FAM,PfVarATS,Unkn,1677,NaN,NaN,0
H06,FAM,PfVarATS,Unkn,1679,NaN,NaN,0
H07,FAM,PfVarATS,Unkn,1680,NaN,NaN,0
H10,FAM,PfVarATS,Unkn,1683,NaN,NaN,0
A01,FAM,PfVarATS,Unkn,5504,NaN,NaN,0
A02,FAM,PfVarATS,Unkn,5505,NaN,NaN,0
A03,FAM,PfVarATS,Unkn,5506,NaN,NaN,0
A04,FAM,PfVarATS,Unkn,5507,NaN,NaN,0
A05,FAM,PfVarATS,Unkn,5508,NaN,NaN,0
A06,FAM,PfVarATS,Unkn,5509,NaN,NaN,0
A07,FAM,PfVarATS,Unkn,5510,NaN,NaN,0
A08,FAM,PfVarATS,Unkn,5511,NaN,NaN,0
A09,FAM,PfVarATS,Unkn,5512,NaN,NaN,0
A10,FAM,PfVarATS,Unkn,5513,NaN,NaN,0
A12,FAM,PfVarATS,Unkn,5515,36.32356512,NaN,36.32356512
B01,FAM,PfVarATS,Unkn,5516,39.44785786,NaN,39.44785786
B02,FAM,PfVarATS,Unkn,5517,38.04551466,NaN,38.04551466
B03,FAM,PfVarATS,Unkn,5518,NaN,NaN,0
B04,FAM,PfVarATS,Unkn,5519,NaN,NaN,0
B05,FAM,PfVarATS,Unkn,5520,40.44430463,NaN,40.44430463
B06,FAM,PfVarATS,Unkn,5078,NaN,NaN,0
B08,FAM,PfVarATS,Unkn,5080,NaN,NaN,0
B09,FAM,PfVarATS,Unkn,5081,NaN,NaN,0
B10,FAM,PfVarATS,Unkn,5082,NaN,NaN,0
B11,FAM,PfVarATS,Unkn,5083,NaN,NaN,0
B12,FAM,PfVarATS,Unkn,5084,NaN,NaN,0
C01,FAM,PfVarATS,Unkn,5085,NaN,NaN,0
C02,FAM,PfVarATS,Unkn,5086,NaN,NaN,0
C03,FAM,PfVarATS,Unkn,5087,NaN,NaN,0
C04,FAM,PfVarATS,Unkn,5088,NaN,NaN,0
C05,FAM,PfVarATS,Unkn,5089,NaN,NaN,0
C06,FAM,PfVarATS,Unkn,5090,NaN,NaN,0
C07,FAM,PfVarATS,Unkn,5091,37.59347391,NaN,37.59347391
C08,FAM,PfVarATS,Unkn,5092,NaN,NaN,0
C09,FAM,PfVarATS,Unkn,5093,36.28481787,NaN,36.28481787
C10,FAM,PfVarATS,Unkn,5094,NaN,NaN,0
C11,FAM,PfVarATS,Unkn,5095,37.078413,NaN,37.078413
C12,FAM,PfVarATS,Unkn,5096,NaN,NaN,0
D01,FAM,PfVarATS,Unkn,5097,NaN,NaN,0
D02,FAM,PfVarATS,Unkn,5098,NaN,NaN,0
D03,FAM,PfVarATS,Unkn,5099,36.27475293,NaN,36.27475293
D04,FAM,PfVarATS,Unkn,5100,NaN,NaN,0
D05,FAM,PfVarATS,Unkn,5101,NaN,NaN,0
D06,FAM,PfVarATS,Unkn,5102,NaN,NaN,0
D07,FAM,PfVarATS,Unkn,5103,NaN,NaN,0
D08,FAM,PfVarATS,Unkn,5104,NaN,NaN,0
D09,FAM,PfVarATS,Unkn,5105,36.44099877,NaN,36.44099877
D10,FAM,PfVarATS,Unkn,5106,NaN,NaN,0
E01,FAM,PfVarATS,Unkn,4851,NaN,NaN,0
E02,FAM,PfVarATS,Unkn,4852,36.28189265,NaN,36.28189265
E03,FAM,PfVarATS,Unkn,4861,NaN,NaN,0
E06,FAM,PfVarATS,Unkn,4855,NaN,NaN,0
E07,FAM,PfVarATS,Unkn,4856,36.58118215,NaN,36.58118215
E08,FAM,PfVarATS,Unkn,4857,NaN,NaN,0
E10,FAM,PfVarATS,Unkn,4859,NaN,NaN,0
E11,FAM,PfVarATS,Unkn,4860,NaN,NaN,0
F01,FAM,PfVarATS,Unkn,4863,NaN,NaN,0
F02,FAM,PfVarATS,Unkn,4864,NaN,NaN,0
F03,FAM,PfVarATS,Unkn,4865,38.01660486,NaN,38.01660486
F04,FAM,PfVarATS,Unkn,4866,NaN,NaN,0
F05,FAM,PfVarATS,Unkn,4867,NaN,NaN,0
F06,FAM,PfVarATS,Unkn,4868,NaN,NaN,0
F07,FAM,PfVarATS,Unkn,4869,NaN,NaN,0
F08,FAM,PfVarATS,Unkn,4870,NaN,NaN,0
F09,FAM,PfVarATS,Unkn,4871,NaN,NaN,0
F11,FAM,PfVarATS,Unkn,4873,NaN,NaN,0
F12,FAM,PfVarATS,Unkn,4874,36.71503699,NaN,36.71503699
G01,FAM,PfVarATS,Unkn,4875,37.88751508,NaN,37.88751508
G02,FAM,PfVarATS,Unkn,4876,NaN,NaN,0
G03,FAM,PfVarATS,Unkn,4877,NaN,NaN,0
G04,FAM,PfVarATS,Unkn,4878,NaN,NaN,0
G05,FAM,PfVarATS,Unkn,4879,NaN,NaN,0
G07,FAM,PfVarATS,Unkn,4881,NaN,NaN,0
G08,FAM,PfVarATS,Unkn,4882,NaN,NaN,0
G09,FAM,PfVarATS,Unkn,4883,NaN,NaN,0
G10,FAM,PfVarATS,Unkn,4884,NaN,NaN,0
G11,FAM,PfVarATS,Unkn,4885,38.3067931,NaN,38.3067931
G12,FAM,PfVarATS,Unkn,4886,NaN,NaN,0
H03,FAM,PfVarATS,Unkn,4889,36.61982087,NaN,36.61982087
H05,FAM,PfVarATS,Unkn,4891,NaN,NaN,0
A01,FAM,PfVarATS,Unkn,2835,NaN,NaN,0
A02,FAM,PfVarATS,Unkn,2836,NaN,NaN,0
A03,FAM,PfVarATS,Unkn,2837,NaN,NaN,0
A04,FAM,PfVarATS,Unkn,2838,36.49981948,NaN,36.49981948
A05,FAM,PfVarATS,Unkn,2839,NaN,NaN,0
A06,FAM,PfVarATS,Unkn,2840,38.59738963,NaN,38.59738963
A07,FAM,PfVarATS,Unkn,2841,NaN,NaN,0
A08,FAM,PfVarATS,Unkn,2842,NaN,NaN,0
A09,FAM,PfVarATS,Unkn,2843,NaN,NaN,0
A10,FAM,PfVarATS,Unkn,2844,NaN,NaN,0
A11,FAM,PfVarATS,Unkn,2845,NaN,NaN,0
A12,FAM,PfVarATS,Unkn,2846,NaN,NaN,0
B01,FAM,PfVarATS,Unkn,2847,39.91052466,NaN,39.91052466
B02,FAM,PfVarATS,Unkn,2848,NaN,NaN,0
B03,FAM,PfVarATS,Unkn,2849,NaN,NaN,0
B05,FAM,PfVarATS,Unkn,2851,39.44827578,NaN,39.44827578
B06,FAM,PfVarATS,Unkn,2852,NaN,NaN,0
B07,FAM,PfVarATS,Unkn,2853,NaN,NaN,0
B08,FAM,PfVarATS,Unkn,2854,NaN,NaN,0
B09,FAM,PfVarATS,Unkn,2855,NaN,NaN,0
B11,FAM,PfVarATS,Unkn,2857,38.94507249,NaN,38.94507249
B12,FAM,PfVarATS,Unkn,2858,NaN,NaN,0
C01,FAM,PfVarATS,Unkn,2859,NaN,NaN,0
C02,FAM,PfVarATS,Unkn,2860,NaN,NaN,0
C03,FAM,PfVarATS,Unkn,2861,NaN,NaN,0
C04,FAM,PfVarATS,Unkn,2862,NaN,NaN,0
C05,FAM,PfVarATS,Unkn,2863,NaN,NaN,0
C06,FAM,PfVarATS,Unkn,2864,38.57153309,NaN,38.57153309
C07,FAM,PfVarATS,Unkn,2865,NaN,NaN,0
C08,FAM,PfVarATS,Unkn,2866,NaN,NaN,0
C09,FAM,PfVarATS,Unkn,2867,NaN,NaN,0
C10,FAM,PfVarATS,Unkn,2867,NaN,NaN,0
C11,FAM,PfVarATS,Unkn,2868,40.2489799,NaN,40.2489799
C12,FAM,PfVarATS,Unkn,2870,NaN,NaN,0
D01,FAM,PfVarATS,Unkn,2871,NaN,NaN,0
D02,FAM,PfVarATS,Unkn,2872,NaN,NaN,0
D03,FAM,PfVarATS,Unkn,2873,NaN,NaN,0
D04,FAM,PfVarATS,Unkn,2874,NaN,NaN,0
D05,FAM,PfVarATS,Unkn,2875,NaN,NaN,0
D06,FAM,PfVarATS,Unkn,2876,NaN,NaN,0
D07,FAM,PfVarATS,Unkn,2877,NaN,NaN,0
D08,FAM,PfVarATS,Unkn,2878,NaN,NaN,0
D09,FAM,PfVarATS,Unkn,2879,NaN,NaN,0
D10,FAM,PfVarATS,Unkn,2880,NaN,NaN,0
D12,FAM,PfVarATS,Unkn,2882,39.12264726,NaN,39.12264726
E02,FAM,PfVarATS,Unkn,2884,38.60144671,NaN,38.60144671
E03,FAM,PfVarATS,Unkn,2885,NaN,NaN,0
E04,FAM,PfVarATS,Unkn,2886,NaN,NaN,0
E05,FAM,PfVarATS,Unkn,2887,NaN,NaN,0
E06,FAM,PfVarATS,Unkn,2888,NaN,NaN,0
E07,FAM,PfVarATS,Unkn,2889,NaN,NaN,0
E08,FAM,PfVarATS,Unkn,2890,NaN,NaN,0
E09,FAM,PfVarATS,Unkn,2891,NaN,NaN,0
E10,FAM,PfVarATS,Unkn,2892,43.35397262,NaN,43.35397262
E11,FAM,PfVarATS,Unkn,2893,NaN,NaN,0
E12,FAM,PfVarATS,Unkn,2894,NaN,NaN,0
F01,FAM,PfVarATS,Unkn,2895,NaN,NaN,0
F02,FAM,PfVarATS,Unkn,2896,NaN,NaN,0
F03,FAM,PfVarATS,Unkn,2897,NaN,NaN,0
F04,FAM,PfVarATS,Unkn,2898,NaN,NaN,0
F06,FAM,PfVarATS,Unkn,2900,NaN,NaN,0
F07,FAM,PfVarATS,Unkn,2901,NaN,NaN,0
F08,FAM,PfVarATS,Unkn,2902,NaN,NaN,0
F09,FAM,PfVarATS,Unkn,2903,NaN,NaN,0
F10,FAM,PfVarATS,Unkn,2904,NaN,NaN,0
F11,FAM,PfVarATS,Unkn,2905,NaN,NaN,0
F12,FAM,PfVarATS,Unkn,2906,NaN,NaN,0
G01,FAM,PfVarATS,Unkn,2907,NaN,NaN,0
G02,FAM,PfVarATS,Unkn,2908,NaN,NaN,0
G03,FAM,PfVarATS,Unkn,2909,NaN,NaN,0
G04,FAM,PfVarATS,Unkn,2910,39.19832063,NaN,39.19832063
G05,FAM,PfVarATS,Unkn,771,NaN,NaN,0
G06,FAM,PfVarATS,Unkn,772,NaN,NaN,0
G07,FAM,PfVarATS,Unkn,773,39.27135514,NaN,39.27135514
G08,FAM,PfVarATS,Unkn,774,NaN,NaN,0
G09,FAM,PfVarATS,Unkn,775,NaN,NaN,0
G10,FAM,PfVarATS,Unkn,776,NaN,NaN,0
G11,FAM,PfVarATS,Unkn,777,NaN,NaN,0
G12,FAM,PfVarATS,Unkn,778,NaN,NaN,0
H01,FAM,PfVarATS,Unkn,779,39.45713588,NaN,39.45713588
H02,FAM,PfVarATS,Unkn,780,NaN,NaN,0
H04,FAM,PfVarATS,Unkn,784,NaN,NaN,0
H05,FAM,PfVarATS,Unkn,785,NaN,NaN,0
H06,FAM,PfVarATS,Unkn,786,NaN,NaN,0
A01,FAM,PfVarATS,Unkn,2336,NaN,NaN,0
A02,FAM,PfVarATS,Unkn,2337,NaN,NaN,0
A03,FAM,PfVarATS,Unkn,2338,NaN,NaN,0
A04,FAM,PfVarATS,Unkn,2339,36.08833066,NaN,36.08833066
A05,FAM,PfVarATS,Unkn,2340,NaN,NaN,0
A06,FAM,PfVarATS,Unkn,2341,NaN,NaN,0
A07,FAM,PfVarATS,Unkn,2342,NaN,NaN,0
A08,FAM,PfVarATS,Unkn,2343,NaN,NaN,0
A09,FAM,PfVarATS,Unkn,2344,NaN,NaN,0
A10,FAM,PfVarATS,Unkn,2345,NaN,NaN,0
A11,FAM,PfVarATS,Unkn,2346,NaN,NaN,0
A12,FAM,PfVarATS,Unkn,2347,NaN,NaN,0
B01,FAM,PfVarATS,Unkn,2348,NaN,NaN,0
B02,FAM,PfVarATS,Unkn,2349,NaN,NaN,0
B03,FAM,PfVarATS,Unkn,2350,NaN,NaN,0
B04,FAM,PfVarATS,Unkn,2351,NaN,NaN,0
B05,FAM,PfVarATS,Unkn,2352,NaN,NaN,0
B06,FAM,PfVarATS,Unkn,2353,NaN,NaN,0
B07,FAM,PfVarATS,Unkn,2354,40.7653977,NaN,40.7653977
B08,FAM,PfVarATS,Unkn,2355,NaN,NaN,0
B09,FAM,PfVarATS,Unkn,2356,38.58771774,NaN,38.58771774
B10,FAM,PfVarATS,Unkn,2357,NaN,NaN,0
B11,FAM,PfVarATS,Unkn,2358,NaN,NaN,0
B12,FAM,PfVarATS,Unkn,2359,NaN,NaN,0
C01,FAM,PfVarATS,Unkn,2360,NaN,NaN,0
C02,FAM,PfVarATS,Unkn,2361,NaN,NaN,0
C03,FAM,PfVarATS,Unkn,2362,NaN,NaN,0
C04,FAM,PfVarATS,Unkn,2363,NaN,NaN,0
C05,FAM,PfVarATS,Unkn,2364,NaN,NaN,0
C06,FAM,PfVarATS,Unkn,2365,NaN,NaN,0
C07,FAM,PfVarATS,Unkn,2366,NaN,NaN,0
C08,FAM,PfVarATS,Unkn,2367,NaN,NaN,0
C10,FAM,PfVarATS,Unkn,2369,NaN,NaN,0
C11,FAM,PfVarATS,Unkn,2370,NaN,NaN,0
C12,FAM,PfVarATS,Unkn,1892,NaN,NaN,0
D01,FAM,PfVarATS,Unkn,1893,NaN,NaN,0
D02,FAM,PfVarATS,Unkn,1894,NaN,NaN,0
D03,FAM,PfVarATS,Unkn,1895,NaN,NaN,0
D04,FAM,PfVarATS,Unkn,1896,NaN,NaN,0
D05,FAM,PfVarATS,Unkn,1897,NaN,NaN,0
D06,FAM,PfVarATS,Unkn,1898,NaN,NaN,0
D07,FAM,PfVarATS,Unkn,1899,NaN,NaN,0
D08,FAM,PfVarATS,Unkn,1900,NaN,NaN,0
D09,FAM,PfVarATS,Unkn,1901,39.14680485,NaN,39.14680485
D10,FAM,PfVarATS,Unkn,1902,36.72343016,NaN,36.72343016
D11,FAM,PfVarATS,Unkn,1903,NaN,NaN,0
E01,FAM,PfVarATS,Unkn,1905,NaN,NaN,0
E02,FAM,PfVarATS,Unkn,1906,NaN,NaN,0
E03,FAM,PfVarATS,Unkn,1907,NaN,NaN,0
E04,FAM,PfVarATS,Unkn,1908,NaN,NaN,0
E05,FAM,PfVarATS,Unkn,1909,NaN,NaN,0
E06,FAM,PfVarATS,Unkn,1910,NaN,NaN,0
E07,FAM,PfVarATS,Unkn,1911,NaN,NaN,0
E08,FAM,PfVarATS,Unkn,1912,NaN,NaN,0
E09,FAM,PfVarATS,Unkn,1913,NaN,NaN,0
E10,FAM,PfVarATS,Unkn,1914,NaN,NaN,0
E12,FAM,PfVarATS,Unkn,1916,NaN,NaN,0
F01,FAM,PfVarATS,Unkn,1917,NaN,NaN,0
F02,FAM,PfVarATS,Unkn,1919,NaN,NaN,0
F03,FAM,PfVarATS,Unkn,1918,40.21055456,NaN,40.21055456
F04,FAM,PfVarATS,Unkn,1920,NaN,NaN,0
F05,FAM,PfVarATS,Unkn,1921,NaN,NaN,0
F06,FAM,PfVarATS,Unkn,1922,38.34177479,NaN,38.34177479
F07,FAM,PfVarATS,Unkn,1923,NaN,NaN,0
F08,FAM,PfVarATS,Unkn,1924,39.69273984,NaN,39.69273984
F09,FAM,PfVarATS,Unkn,1925,NaN,NaN,0
F10,FAM,PfVarATS,Unkn,1926,NaN,NaN,0
F11,FAM,PfVarATS,Unkn,1927,NaN,NaN,0
F12,FAM,PfVarATS,Unkn,1928,NaN,NaN,0
G01,FAM,PfVarATS,Unkn,1929,NaN,NaN,0
G02,FAM,PfVarATS,Unkn,1930,NaN,NaN,0
G03,FAM,PfVarATS,Unkn,1931,NaN,NaN,0
G04,FAM,PfVarATS,Unkn,1932,NaN,NaN,0
G05,FAM,PfVarATS,Unkn,1933,NaN,NaN,0
G06,FAM,PfVarATS,Unkn,1934,NaN,NaN,0
G07,FAM,PfVarATS,Unkn,1935,42.1947666,NaN,42.1947666
G09,FAM,PfVarATS,Unkn,1937,NaN,NaN,0
G10,FAM,PfVarATS,Unkn,1938,39.37095677,NaN,39.37095677
G11,FAM,PfVarATS,Unkn,1939,43.96992367,NaN,43.96992367
G12,FAM,PfVarATS,Unkn,1940,NaN,NaN,0
H01,FAM,PfVarATS,Unkn,1941,NaN,NaN,0
H02,FAM,PfVarATS,Unkn,1942,41.72297078,NaN,41.72297078
H03,FAM,PfVarATS,Unkn,1943,NaN,NaN,0
H04,FAM,PfVarATS,Unkn,1944,NaN,NaN,0
H05,FAM,PfVarATS,Unkn,1945,NaN,NaN,0
H06,FAM,PfVarATS,Unkn,1946,NaN,NaN,0
H07,FAM,PfVarATS,Unkn,1947,39.74620807,NaN,39.74620807
H08,FAM,PfVarATS,Unkn,1948,NaN,NaN,0
H09,FAM,PfVarATS,Unkn,1949,37.04408834,NaN,37.04408834
H10,FAM,PfVarATS,Unkn,1950,NaN,NaN,0
A02,FAM,PfVarATS,Unkn,1685,36.70268724,NaN,36.70268724
A05,FAM,PfVarATS,Unkn,1688,36.05028377,NaN,36.05028377
A07,FAM,PfVarATS,Unkn,1690,NaN,NaN,0
A08,FAM,PfVarATS,Unkn,1691,37.37988121,NaN,37.37988121
A09,FAM,PfVarATS,Unkn,1692,NaN,NaN,0
A10,FAM,PfVarATS,Unkn,1693,39.77477081,NaN,39.77477081
A11,FAM,PfVarATS,Unkn,1694,38.37822219,NaN,38.37822219
A12,FAM,PfVarATS,Unkn,1695,NaN,NaN,0
B01,FAM,PfVarATS,Unkn,1696,NaN,NaN,0
B02,FAM,PfVarATS,Unkn,1697,NaN,NaN,0
B03,FAM,PfVarATS,Unkn,1698,NaN,NaN,0
B04,FAM,PfVarATS,Unkn,1699,NaN,NaN,0
B05,FAM,PfVarATS,Unkn,1700,NaN,NaN,0
B06,FAM,PfVarATS,Unkn,1701,NaN,NaN,0
B07,FAM,PfVarATS,Unkn,1702,NaN,NaN,0
B08,FAM,PfVarATS,Unkn,1703,NaN,NaN,0
B09,FAM,PfVarATS,Unkn,1704,38.25545153,NaN,38.25545153
B10,FAM,PfVarATS,Unkn,1705,36.8986961,NaN,36.8986961
B11,FAM,PfVarATS,Unkn,1706,NaN,NaN,0
B12,FAM,PfVarATS,Unkn,1707,NaN,NaN,0
C01,FAM,PfVarATS,Unkn,1708,NaN,NaN,0
C02,FAM,PfVarATS,Unkn,1709,36.02218043,NaN,36.02218043
C03,FAM,PfVarATS,Unkn,1710,NaN,NaN,0
C06,FAM,PfVarATS,Unkn,2271,NaN,NaN,0
C07,FAM,PfVarATS,Unkn,2272,3.372718587,NaN,3.372718587
C08,FAM,PfVarATS,Unkn,2273,NaN,NaN,0
C09,FAM,PfVarATS,Unkn,2274,NaN,NaN,0
C11,FAM,PfVarATS,Unkn,2276,NaN,NaN,0
C12,FAM,PfVarATS,Unkn,2277,37.74590614,NaN,37.74590614
D01,FAM,PfVarATS,Unkn,2278,NaN,NaN,0
D02,FAM,PfVarATS,Unkn,2279,NaN,NaN,0
D03,FAM,PfVarATS,Unkn,2280,44.94813946,NaN,44.94813946
D05,FAM,PfVarATS,Unkn,2282,NaN,NaN,0
D06,FAM,PfVarATS,Unkn,2283,NaN,NaN,0
D07,FAM,PfVarATS,Unkn,2284,NaN,NaN,0
D08,FAM,PfVarATS,Unkn,2285,NaN,NaN,0
D09,FAM,PfVarATS,Unkn,2286,36.68826211,NaN,36.68826211
D10,FAM,PfVarATS,Unkn,2287,NaN,NaN,0
D11,FAM,PfVarATS,Unkn,2288,NaN,NaN,0
D12,FAM,PfVarATS,Unkn,2289,NaN,NaN,0
E01,FAM,PfVarATS,Unkn,2290,NaN,NaN,0
E02,FAM,PfVarATS,Unkn,2291,NaN,NaN,0
E03,FAM,PfVarATS,Unkn,2292,NaN,NaN,0
E04,FAM,PfVarATS,Unkn,2293,NaN,NaN,0
E07,FAM,PfVarATS,Unkn,2296,NaN,NaN,0
E08,FAM,PfVarATS,Unkn,2297,NaN,NaN,0
E09,FAM,PfVarATS,Unkn,2298,36.9974079,NaN,36.9974079
E10,FAM,PfVarATS,Unkn,2299,NaN,NaN,0
E11,FAM,PfVarATS,Unkn,2300,NaN,NaN,0
E12,FAM,PfVarATS,Unkn,2301,NaN,NaN,0
F01,FAM,PfVarATS,Unkn,2302,NaN,NaN,0
F03,FAM,PfVarATS,Unkn,2304,NaN,NaN,0
F04,FAM,PfVarATS,Unkn,2305,NaN,NaN,0
F05,FAM,PfVarATS,Unkn,2306,36.77541193,NaN,36.77541193
F06,FAM,PfVarATS,Unkn,2307,NaN,NaN,0
F07,FAM,PfVarATS,Unkn,2308,NaN,NaN,0
F08,FAM,PfVarATS,Unkn,2309,NaN,NaN,0
F12,FAM,PfVarATS,Unkn,2313,NaN,NaN,0
G01,FAM,PfVarATS,Unkn,2314,NaN,NaN,0
G03,FAM,PfVarATS,Unkn,2316,NaN,NaN,0
G04,FAM,PfVarATS,Unkn,2317,NaN,NaN,0
G06,FAM,PfVarATS,Unkn,2319,NaN,NaN,0
G07,FAM,PfVarATS,Unkn,2320,NaN,NaN,0
G08,FAM,PfVarATS,Unkn,2321,NaN,NaN,0
G09,FAM,PfVarATS,Unkn,2322,NaN,NaN,0
G10,FAM,PfVarATS,Unkn,2323,NaN,NaN,0
G11,FAM,PfVarATS,Unkn,2324,NaN,NaN,0
G12,FAM,PfVarATS,Unkn,2325,NaN,NaN,0
H01,FAM,PfVarATS,Unkn,2326,36.09203602,NaN,36.09203602
H02,FAM,PfVarATS,Unkn,2327,NaN,NaN,0
H03,FAM,PfVarATS,Unkn,2328,NaN,NaN,0
H04,FAM,PfVarATS,Unkn,2329,37.16610353,NaN,37.16610353
H05,FAM,PfVarATS,Unkn,2330,36.41517792,NaN,36.41517792
H07,FAM,PfVarATS,Unkn,2332,NaN,NaN,0
H08,FAM,PfVarATS,Unkn,2333,NaN,NaN,0
H09,FAM,PfVarATS,Unkn,2334,NaN,NaN,0
H10,FAM,PfVarATS,Unkn,2335,NaN,NaN,0
A01,FAM,PfVarATS,Unkn,1713,NaN,NaN,0
A02,FAM,PfVarATS,Unkn,1714,NaN,NaN,0
A03,FAM,PfVarATS,Unkn,1715,NaN,NaN,0
A04,FAM,PfVarATS,Unkn,1716,NaN,NaN,0
A05,FAM,PfVarATS,Unkn,1718,NaN,NaN,0
A06,FAM,PfVarATS,Unkn,1719,NaN,NaN,0
A07,FAM,PfVarATS,Unkn,1720,NaN,NaN,0
A09,FAM,PfVarATS,Unkn,1722,NaN,NaN,0
A10,FAM,PfVarATS,Unkn,1723,NaN,NaN,0
A11,FAM,PfVarATS,Unkn,1724,NaN,NaN,0
A12,FAM,PfVarATS,Unkn,1725,NaN,NaN,0
B01,FAM,PfVarATS,Unkn,1726,NaN,NaN,0
B02,FAM,PfVarATS,Unkn,1748,NaN,NaN,0
B03,FAM,PfVarATS,Unkn,1749,NaN,NaN,0
B05,FAM,PfVarATS,Unkn,1751,NaN,NaN,0
B06,FAM,PfVarATS,Unkn,1753,NaN,NaN,0
B07,FAM,PfVarATS,Unkn,1752,NaN,NaN,0
B08,FAM,PfVarATS,Unkn,1754,36.25291165,NaN,36.25291165
B09,FAM,PfVarATS,Unkn,1755,NaN,NaN,0
B10,FAM,PfVarATS,Unkn,1756,NaN,NaN,0
B11,FAM,PfVarATS,Unkn,1757,NaN,NaN,0
B12,FAM,PfVarATS,Unkn,1758,37.46276254,NaN,37.46276254
C02,FAM,PfVarATS,Unkn,1760,37.26587634,NaN,37.26587634
C03,FAM,PfVarATS,Unkn,1761,NaN,NaN,0
C04,FAM,PfVarATS,Unkn,1762,NaN,NaN,0
C05,FAM,PfVarATS,Unkn,1763,36.31657558,NaN,36.31657558
C07,FAM,PfVarATS,Unkn,1765,36.4310398,NaN,36.4310398
C08,FAM,PfVarATS,Unkn,1766,36.46975746,NaN,36.46975746
C09,FAM,PfVarATS,Unkn,1767,NaN,NaN,0
C10,FAM,PfVarATS,Unkn,1768,37.16031516,NaN,37.16031516
C12,FAM,PfVarATS,Unkn,1770,NaN,NaN,0
D01,FAM,PfVarATS,Unkn,1771,NaN,NaN,0
D02,FAM,PfVarATS,Unkn,1772,NaN,NaN,0
D03,FAM,PfVarATS,Unkn,1773,NaN,NaN,0
D04,FAM,PfVarATS,Unkn,1774,NaN,NaN,0
D06,FAM,PfVarATS,Unkn,1776,NaN,NaN,0
D07,FAM,PfVarATS,Unkn,1777,NaN,NaN,0
D08,FAM,PfVarATS,Unkn,1778,37.05002927,NaN,37.05002927
D09,FAM,PfVarATS,Unkn,1779,38.48973879,NaN,38.48973879
D10,FAM,PfVarATS,Unkn,1811,NaN,NaN,0
D11,FAM,PfVarATS,Unkn,1812,NaN,NaN,0
D12,FAM,PfVarATS,Unkn,1813,37.61867243,NaN,37.61867243
E01,FAM,PfVarATS,Unkn,1814,NaN,NaN,0
E02,FAM,PfVarATS,Unkn,1815,36.41782148,NaN,36.41782148
E03,FAM,PfVarATS,Unkn,1816,NaN,NaN,0
E04,FAM,PfVarATS,Unkn,1817,NaN,NaN,0
E05,FAM,PfVarATS,Unkn,1818,NaN,NaN,0
E06,FAM,PfVarATS,Unkn,1819,NaN,NaN,0
E07,FAM,PfVarATS,Unkn,1820,36.57445837,NaN,36.57445837
E08,FAM,PfVarATS,Unkn,1821,NaN,NaN,0
E09,FAM,PfVarATS,Unkn,1822,NaN,NaN,0
E10,FAM,PfVarATS,Unkn,1823,NaN,NaN,0
E11,FAM,PfVarATS,Unkn,1824,38.34129872,NaN,38.34129872
E12,FAM,PfVarATS,Unkn,1825,NaN,NaN,0
F02,FAM,PfVarATS,Unkn,1827,36.32628339,NaN,36.32628339
F03,FAM,PfVarATS,Unkn,1828,NaN,NaN,0
F04,FAM,PfVarATS,Unkn,1829,NaN,NaN,0
F05,FAM,PfVarATS,Unkn,1830,37.11752122,NaN,37.11752122
F07,FAM,PfVarATS,Unkn,1832,36.17686885,NaN,36.17686885
F08,FAM,PfVarATS,Unkn,1833,38.0596871,NaN,38.0596871
F09,FAM,PfVarATS,Unkn,1834,NaN,NaN,0
F10,FAM,PfVarATS,Unkn,1835,NaN,NaN,0
F12,FAM,PfVarATS,Unkn,1837,37.70028063,NaN,37.70028063
G01,FAM,PfVarATS,Unkn,1838,NaN,NaN,0
G02,FAM,PfVarATS,Unkn,1839,NaN,NaN,0
G05,FAM,PfVarATS,Unkn,1842,37.10560403,NaN,37.10560403
G06,FAM,PfVarATS,Unkn,1843,NaN,NaN,0
G07,FAM,PfVarATS,Unkn,1844,36.85805896,NaN,36.85805896
G08,FAM,PfVarATS,Unkn,1845,NaN,NaN,0
G09,FAM,PfVarATS,Unkn,1846,NaN,NaN,0
G10,FAM,PfVarATS,Unkn,1847,NaN,NaN,0
G11,FAM,PfVarATS,Unkn,1848,37.47155941,NaN,37.47155941
G12,FAM,PfVarATS,Unkn,1849,NaN,NaN,0
H01,FAM,PfVarATS,Unkn,1850,NaN,NaN,0
H03,FAM,PfVarATS,Unkn,1852,NaN,NaN,0
H04,FAM,PfVarATS,Unkn,1853,NaN,NaN,0
H05,FAM,PfVarATS,Unkn,1854,NaN,NaN,0
H06,FAM,PfVarATS,Unkn,1855,NaN,NaN,0
H07,FAM,PfVarATS,Unkn,1856,NaN,NaN,0
H08,FAM,PfVarATS,Unkn,1857,NaN,NaN,0
H09,FAM,PfVarATS,Unkn,1858,NaN,NaN,0
H10,FAM,PfVarATS,Unkn,1859,37.35119686,NaN,37.35119686
A01,FAM,PfVarATS,Unkn,1860,37.18907452,NaN,37.18907452
A03,FAM,PfVarATS,Unkn,1862,38.43819419,NaN,38.43819419
A04,FAM,PfVarATS,Unkn,1890,37.2920606,NaN,37.2920606
A05,FAM,PfVarATS,Unkn,1891,NaN,NaN,0
A06,FAM,PfVarATS,Unkn,5126,NaN,NaN,0
A07,FAM,PfVarATS,Unkn,5050,NaN,NaN,0
A08,FAM,PfVarATS,Unkn,5051,NaN,NaN,0
A09,FAM,PfVarATS,Unkn,5052,NaN,NaN,0
A10,FAM,PfVarATS,Unkn,5053,NaN,NaN,0
A11,FAM,PfVarATS,Unkn,5054,NaN,NaN,0
A12,FAM,PfVarATS,Unkn,5055,NaN,NaN,0
B01,FAM,PfVarATS,Unkn,5056,NaN,NaN,0
B02,FAM,PfVarATS,Unkn,5057,NaN,NaN,0
B03,FAM,PfVarATS,Unkn,5058,43.466479,NaN,43.466479
B04,FAM,PfVarATS,Unkn,5059,NaN,NaN,0
B05,FAM,PfVarATS,Unkn,5107,NaN,NaN,0
B06,FAM,PfVarATS,Unkn,5108,NaN,NaN,0
B07,FAM,PfVarATS,Unkn,5109,NaN,NaN,0
B08,FAM,PfVarATS,Unkn,5110,NaN,NaN,0
B09,FAM,PfVarATS,Unkn,5111,NaN,NaN,0
B10,FAM,PfVarATS,Unkn,5112,NaN,NaN,0
B11,FAM,PfVarATS,Unkn,5125,NaN,NaN,0
B12,FAM,PfVarATS,Unkn,5260,NaN,NaN,0
C01,FAM,PfVarATS,Unkn,5115,NaN,NaN,0
C02,FAM,PfVarATS,Unkn,5116,NaN,NaN,0
C03,FAM,PfVarATS,Unkn,5117,NaN,NaN,0
C04,FAM,PfVarATS,Unkn,5118,NaN,NaN,0
C05,FAM,PfVarATS,Unkn,5119,NaN,NaN,0
C06,FAM,PfVarATS,Unkn,5120,NaN,NaN,0
C07,FAM,PfVarATS,Unkn,5121,NaN,NaN,0
C08,FAM,PfVarATS,Unkn,5122,NaN,NaN,0
C09,FAM,PfVarATS,Unkn,5123,NaN,NaN,0
C10,FAM,PfVarATS,Unkn,5124,NaN,NaN,0
C11,FAM,PfVarATS,Unkn,5125,36.97194521,NaN,36.97194521
C12,FAM,PfVarATS,Unkn,5260,NaN,NaN,0
D01,FAM,PfVarATS,Unkn,5180,NaN,NaN,0
D02,FAM,PfVarATS,Unkn,5181,NaN,NaN,0
D03,FAM,PfVarATS,Unkn,5182,38.04760068,NaN,38.04760068
D04,FAM,PfVarATS,Unkn,5183,NaN,NaN,0
D05,FAM,PfVarATS,Unkn,5184,NaN,NaN,0
D06,FAM,PfVarATS,Unkn,5185,NaN,NaN,0
D07,FAM,PfVarATS,Unkn,5186,NaN,NaN,0
D08,FAM,PfVarATS,Unkn,5187,NaN,NaN,0
D09,FAM,PfVarATS,Unkn,5188,NaN,NaN,0
D10,FAM,PfVarATS,Unkn,5189,NaN,NaN,0
D11,FAM,PfVarATS,Unkn,5190,NaN,NaN,0
D12,FAM,PfVarATS,Unkn,5191,NaN,NaN,0
E01,FAM,PfVarATS,Unkn,5192,NaN,NaN,0
E02,FAM,PfVarATS,Unkn,5193,NaN,NaN,0
E03,FAM,PfVarATS,Unkn,5194,NaN,NaN,0
E04,FAM,PfVarATS,Unkn,5195,NaN,NaN,0
E05,FAM,PfVarATS,Unkn,5196,36.173336,NaN,36.173336
E06,FAM,PfVarATS,Unkn,5197,NaN,NaN,0
E07,FAM,PfVarATS,Unkn,5198,NaN,NaN,0
E08,FAM,PfVarATS,Unkn,5199,NaN,NaN,0
E09,FAM,PfVarATS,Unkn,5200,NaN,NaN,0
E10,FAM,PfVarATS,Unkn,5201,NaN,NaN,0
E11,FAM,PfVarATS,Unkn,5202,NaN,NaN,0
E12,FAM,PfVarATS,Unkn,5203,NaN,NaN,0
F02,FAM,PfVarATS,Unkn,5205,NaN,NaN,0
F03,FAM,PfVarATS,Unkn,5206,NaN,NaN,0
F04,FAM,PfVarATS,Unkn,5207,NaN,NaN,0
F05,FAM,PfVarATS,Unkn,5208,NaN,NaN,0
F06,FAM,PfVarATS,Unkn,5209,NaN,NaN,0
F07,FAM,PfVarATS,Unkn,5210,NaN,NaN,0
F08,FAM,PfVarATS,Unkn,5211,NaN,NaN,0
F09,FAM,PfVarATS,Unkn,5212,NaN,NaN,0
F10,FAM,PfVarATS,Unkn,5213,NaN,NaN,0
F11,FAM,PfVarATS,Unkn,5214,NaN,NaN,0
F12,FAM,PfVarATS,Unkn,5215,NaN,NaN,0
G01,FAM,PfVarATS,Unkn,5216,NaN,NaN,0
G02,FAM,PfVarATS,Unkn,5217,NaN,NaN,0
G03,FAM,PfVarATS,Unkn,5218,NaN,NaN,0
G04,FAM,PfVarATS,Unkn,5219,NaN,NaN,0
G05,FAM,PfVarATS,Unkn,5220,NaN,NaN,0
G06,FAM,PfVarATS,Unkn,5221,37.06078494,NaN,37.06078494
G07,FAM,PfVarATS,Unkn,5222,NaN,NaN,0
G08,FAM,PfVarATS,Unkn,5223,NaN,NaN,0
G09,FAM,PfVarATS,Unkn,5224,38.28560271,NaN,38.28560271
G10,FAM,PfVarATS,Unkn,5225,NaN,NaN,0
G11,FAM,PfVarATS,Unkn,5226,NaN,NaN,0
G12,FAM,PfVarATS,Unkn,5227,NaN,NaN,0
H01,FAM,PfVarATS,Unkn,5228,NaN,NaN,0
H02,FAM,PfVarATS,Unkn,5229,NaN,NaN,0
H03,FAM,PfVarATS,Unkn,5230,NaN,NaN,0
H04,FAM,PfVarATS,Unkn,5231,NaN,NaN,0
H05,FAM,PfVarATS,Unkn,5232,NaN,NaN,0
H06,FAM,PfVarATS,Unkn,5233,NaN,NaN,0
H07,FAM,PfVarATS,Unkn,5234,NaN,NaN,0
H08,FAM,PfVarATS,Unkn,5235,NaN,NaN,0
H09,FAM,PfVarATS,Unkn,5236,NaN,NaN,0
H10,FAM,PfVarATS,Unkn,5237,NaN,NaN,0
A01,FAM,PfVarATS,Unkn,4893,NaN,NaN,0
A02,FAM,PfVarATS,Unkn,4894,NaN,NaN,0
A03,FAM,PfVarATS,Unkn,4895,NaN,NaN,0
A04,FAM,PfVarATS,Unkn,4896,NaN,NaN,0
A05,FAM,PfVarATS,Unkn,4897,NaN,NaN,0
A06,FAM,PfVarATS,Unkn,4898,38.50461058,NaN,38.50461058
A07,FAM,PfVarATS,Unkn,4899,NaN,NaN,0
A08,FAM,PfVarATS,Unkn,4900,37.2509613,NaN,37.2509613
A09,FAM,PfVarATS,Unkn,4901,NaN,NaN,0
A10,FAM,PfVarATS,Unkn,4902,NaN,NaN,0
A11,FAM,PfVarATS,Unkn,4903,37.8625232,NaN,37.8625232
B01,FAM,PfVarATS,Unkn,4905,NaN,NaN,0
B02,FAM,PfVarATS,Unkn,4907,NaN,NaN,0
B03,FAM,PfVarATS,Unkn,4906,NaN,NaN,0
B04,FAM,PfVarATS,Unkn,4908,NaN,NaN,0
B05,FAM,PfVarATS,Unkn,4909,NaN,NaN,0
B06,FAM,PfVarATS,Unkn,4910,NaN,NaN,0
B07,FAM,PfVarATS,Unkn,4911,NaN,NaN,0
B09,FAM,PfVarATS,Unkn,4913,NaN,NaN,0
B10,FAM,PfVarATS,Unkn,4914,NaN,NaN,0
B11,FAM,PfVarATS,Unkn,4915,36.98809533,NaN,36.98809533
B12,FAM,PfVarATS,Unkn,4916,40.12317085,NaN,40.12317085
C01,FAM,PfVarATS,Unkn,4917,40.50453128,NaN,40.50453128
C02,FAM,PfVarATS,Unkn,4918,NaN,NaN,0
C03,FAM,PfVarATS,Unkn,4919,NaN,NaN,0
C04,FAM,PfVarATS,Unkn,4920,NaN,NaN,0
C05,FAM,PfVarATS,Unkn,4921,39.232984,NaN,39.232984
C06,FAM,PfVarATS,Unkn,4922,NaN,NaN,0
C07,FAM,PfVarATS,Unkn,4923,NaN,NaN,0
C08,FAM,PfVarATS,Unkn,4924,37.17135345,NaN,37.17135345
C09,FAM,PfVarATS,Unkn,4925,38.1328314,NaN,38.1328314
C10,FAM,PfVarATS,Unkn,4926,NaN,NaN,0
C12,FAM,PfVarATS,Unkn,4928,NaN,NaN,0
D01,FAM,PfVarATS,Unkn,4929,NaN,NaN,0
D02,FAM,PfVarATS,Unkn,4930,NaN,NaN,0
D03,FAM,PfVarATS,Unkn,4931,NaN,NaN,0
D04,FAM,PfVarATS,Unkn,4932,NaN,NaN,0
D05,FAM,PfVarATS,Unkn,4933,NaN,NaN,0
D06,FAM,PfVarATS,Unkn,4934,NaN,NaN,0
D07,FAM,PfVarATS,Unkn,4935,NaN,NaN,0
D09,FAM,PfVarATS,Unkn,4937,NaN,NaN,0
D10,FAM,PfVarATS,Unkn,4938,NaN,NaN,0
D11,FAM,PfVarATS,Unkn,4939,NaN,NaN,0
D12,FAM,PfVarATS,Unkn,4940,NaN,NaN,0
E01,FAM,PfVarATS,Unkn,4941,NaN,NaN,0
E02,FAM,PfVarATS,Unkn,4942,NaN,NaN,0
E03,FAM,PfVarATS,Unkn,4943,NaN,NaN,0
E04,FAM,PfVarATS,Unkn,4944,NaN,NaN,0
E05,FAM,PfVarATS,Unkn,4945,NaN,NaN,0
E06,FAM,PfVarATS,Unkn,4946,NaN,NaN,0
E07,FAM,PfVarATS,Unkn,4947,NaN,NaN,0
E08,FAM,PfVarATS,Unkn,4948,NaN,NaN,0
E09,FAM,PfVarATS,Unkn,4749,NaN,NaN,0
E10,FAM,PfVarATS,Unkn,4750,NaN,NaN,0
E11,FAM,PfVarATS,Unkn,4751,NaN,NaN,0
E12,FAM,PfVarATS,Unkn,4752,NaN,NaN,0
F01,FAM,PfVarATS,Unkn,4753,NaN,NaN,0
F02,FAM,PfVarATS,Unkn,4754,NaN,NaN,0
F03,FAM,PfVarATS,Unkn,4755,NaN,NaN,0
F04,FAM,PfVarATS,Unkn,4756,NaN,NaN,0
F05,FAM,PfVarATS,Unkn,4757,NaN,NaN,0
F06,FAM,PfVarATS,Unkn,4758,NaN,NaN,0
F07,FAM,PfVarATS,Unkn,4759,NaN,NaN,0
F08,FAM,PfVarATS,Unkn,4760,NaN,NaN,0
F09,FAM,PfVarATS,Unkn,4761,40.37952523,NaN,40.37952523
F11,FAM,PfVarATS,Unkn,4763,NaN,NaN,0
F12,FAM,PfVarATS,Unkn,4764,NaN,NaN,0
G01,FAM,PfVarATS,Unkn,4765,NaN,NaN,0
G02,FAM,PfVarATS,Unkn,4766,NaN,NaN,0
G03,FAM,PfVarATS,Unkn,4767,NaN,NaN,0
G04,FAM,PfVarATS,Unkn,4768,39.00287732,NaN,39.00287732
G05,FAM,PfVarATS,Unkn,4769,NaN,NaN,0
G06,FAM,PfVarATS,Unkn,4770,NaN,NaN,0
G09,FAM,PfVarATS,Unkn,4773,NaN,NaN,0
G10,FAM,PfVarATS,Unkn,4774,37.04636315,NaN,37.04636315
G12,FAM,PfVarATS,Unkn,4776,NaN,NaN,0
H02,FAM,PfVarATS,Unkn,4778,NaN,NaN,0
H03,FAM,PfVarATS,Unkn,4779,NaN,NaN,0
H04,FAM,PfVarATS,Unkn,4780,38.74192637,NaN,38.74192637
H06,FAM,PfVarATS,Unkn,4782,NaN,NaN,0
A01,FAM,PfVarATS,Unkn,1951,37.62612174,NaN,37.62612174
A02,FAM,PfVarATS,Unkn,1952,NaN,NaN,0
A05,FAM,PfVarATS,Unkn,1955,NaN,NaN,0
A06,FAM,PfVarATS,Unkn,1956,NaN,NaN,0
A07,FAM,PfVarATS,Unkn,1957,36.71987481,NaN,36.71987481
A08,FAM,PfVarATS,Unkn,1958,NaN,NaN,0
A09,FAM,PfVarATS,Unkn,1859,36.54903613,NaN,36.54903613
A10,FAM,PfVarATS,Unkn,1960,37.25317211,NaN,37.25317211
A12,FAM,PfVarATS,Unkn,1962,41.87521263,NaN,41.87521263
B01,FAM,PfVarATS,Unkn,1963,38.81576484,NaN,38.81576484
B03,FAM,PfVarATS,Unkn,1965,39.99539134,NaN,39.99539134
B07,FAM,PfVarATS,Unkn,1996,NaN,NaN,0
B08,FAM,PfVarATS,Unkn,1997,NaN,NaN,0
B12,FAM,PfVarATS,Unkn,2001,NaN,NaN,0
C01,FAM,PfVarATS,Unkn,2002,NaN,NaN,0
C02,FAM,PfVarATS,Unkn,2003,NaN,NaN,0
C03,FAM,PfVarATS,Unkn,2004,NaN,NaN,0
C04,FAM,PfVarATS,Unkn,2005,NaN,NaN,0
C05,FAM,PfVarATS,Unkn,2006,NaN,NaN,0
C06,FAM,PfVarATS,Unkn,2007,NaN,NaN,0
C07,FAM,PfVarATS,Unkn,2008,39.07462257,NaN,39.07462257
C09,FAM,PfVarATS,Unkn,2010,NaN,NaN,0
C10,FAM,PfVarATS,Unkn,2011,NaN,NaN,0
C11,FAM,PfVarATS,Unkn,2012,NaN,NaN,0
C12,FAM,PfVarATS,Unkn,2013,NaN,NaN,0
D02,FAM,PfVarATS,Unkn,2015,NaN,NaN,0
D03,FAM,PfVarATS,Unkn,2016,38.47755062,NaN,38.47755062
D04,FAM,PfVarATS,Unkn,2017,NaN,NaN,0
D05,FAM,PfVarATS,Unkn,2018,36.84723722,NaN,36.84723722
D07,FAM,PfVarATS,Unkn,5522,37.92164773,NaN,37.92164773
D08,FAM,PfVarATS,Unkn,5523,NaN,NaN,0
D09,FAM,PfVarATS,Unkn,5524,36.11204696,NaN,36.11204696
D10,FAM,PfVarATS,Unkn,5525,NaN,NaN,0
D11,FAM,PfVarATS,Unkn,5526,36.69495872,NaN,36.69495872
D12,FAM,PfVarATS,Unkn,5527,NaN,NaN,0
E01,FAM,PfVarATS,Unkn,5528,36.46762749,NaN,36.46762749
E02,FAM,PfVarATS,Unkn,5529,NaN,NaN,0
E03,FAM,PfVarATS,Unkn,5530,NaN,NaN,0
E04,FAM,PfVarATS,Unkn,5531,36.3922159,NaN,36.3922159
E05,FAM,PfVarATS,Unkn,5532,36.66156721,NaN,36.66156721
E06,FAM,PfVarATS,Unkn,5533,NaN,NaN,0
E07,FAM,PfVarATS,Unkn,5534,NaN,NaN,0
E08,FAM,PfVarATS,Unkn,5535,36.92481803,NaN,36.92481803
E10,FAM,PfVarATS,Unkn,5537,NaN,NaN,0
E11,FAM,PfVarATS,Unkn,5538,NaN,NaN,0
E12,FAM,PfVarATS,Unkn,5539,36.20160716,NaN,36.20160716
F01,FAM,PfVarATS,Unkn,5540,NaN,NaN,0
F02,FAM,PfVarATS,Unkn,5541,NaN,NaN,0
F03,FAM,PfVarATS,Unkn,5542,36.39723971,NaN,36.39723971
F05,FAM,PfVarATS,Unkn,5544,NaN,NaN,0
F06,FAM,PfVarATS,Unkn,5545,NaN,NaN,0
F07,FAM,PfVarATS,Unkn,5546,36.08127665,NaN,36.08127665
F08,FAM,PfVarATS,Unkn,5547,NaN,NaN,0
F09,FAM,PfVarATS,Unkn,5548,NaN,NaN,0
F10,FAM,PfVarATS,Unkn,5549,37.66927417,NaN,37.66927417
F11,FAM,PfVarATS,Unkn,5550,NaN,NaN,0
G01,FAM,PfVarATS,Unkn,5552,NaN,NaN,0
G02,FAM,PfVarATS,Unkn,5553,NaN,NaN,0
G03,FAM,PfVarATS,Unkn,5554,36.63695276,NaN,36.63695276
G04,FAM,PfVarATS,Unkn,5555,37.51622391,NaN,37.51622391
G06,FAM,PfVarATS,Unkn,5557,NaN,NaN,0
G07,FAM,PfVarATS,Unkn,5558,NaN,NaN,0
G08,FAM,PfVarATS,Unkn,5559,39.77013684,NaN,39.77013684
G11,FAM,PfVarATS,Unkn,5562,NaN,NaN,0
G12,FAM,PfVarATS,Unkn,5563,NaN,NaN,0
H01,FAM,PfVarATS,Unkn,5564,NaN,NaN,0
H02,FAM,PfVarATS,Unkn,5565,36.81310559,NaN,36.81310559
H05,FAM,PfVarATS,Unkn,5568,NaN,NaN,0
H07,FAM,PfVarATS,Unkn,5570,NaN,NaN,0
H08,FAM,PfVarATS,Unkn,5571,36.40549438,NaN,36.40549438
A01,FAM,PfVarATS,Unkn,787,NaN,NaN,0
A02,FAM,PfVarATS,Unkn,788,NaN,NaN,0
A03,FAM,PfVarATS,Unkn,789,NaN,NaN,0
A04,FAM,PfVarATS,Unkn,790,NaN,NaN,0
A05,FAM,PfVarATS,Unkn,791,38.34610709,NaN,38.34610709
A06,FAM,PfVarATS,Unkn,795,NaN,NaN,0
A07,FAM,PfVarATS,Unkn,796,NaN,NaN,0
A08,FAM,PfVarATS,Unkn,797,NaN,NaN,0
A09,FAM,PfVarATS,Unkn,798,NaN,NaN,0
A10,FAM,PfVarATS,Unkn,799,NaN,NaN,0
A11,FAM,PfVarATS,Unkn,800,NaN,NaN,0
A12,FAM,PfVarATS,Unkn,801,NaN,NaN,0
B01,FAM,PfVarATS,Unkn,802,NaN,NaN,0
B02,FAM,PfVarATS,Unkn,803,NaN,NaN,0
B03,FAM,PfVarATS,Unkn,805,NaN,NaN,0
B04,FAM,PfVarATS,Unkn,806,NaN,NaN,0
B05,FAM,PfVarATS,Unkn,807,NaN,NaN,0
B06,FAM,PfVarATS,Unkn,808,NaN,NaN,0
B07,FAM,PfVarATS,Unkn,809,NaN,NaN,0
B08,FAM,PfVarATS,Unkn,810,NaN,NaN,0
B09,FAM,PfVarATS,Unkn,811,NaN,NaN,0
B11,FAM,PfVarATS,Unkn,813,36.54154053,NaN,36.54154053
C01,FAM,PfVarATS,Unkn,817,NaN,NaN,0
C02,FAM,PfVarATS,Unkn,818,NaN,NaN,0
C03,FAM,PfVarATS,Unkn,819,NaN,NaN,0
C04,FAM,PfVarATS,Unkn,820,NaN,NaN,0
C05,FAM,PfVarATS,Unkn,821,NaN,NaN,0
C06,FAM,PfVarATS,Unkn,822,NaN,NaN,0
C07,FAM,PfVarATS,Unkn,823,NaN,NaN,0
C08,FAM,PfVarATS,Unkn,824,NaN,NaN,0
C09,FAM,PfVarATS,Unkn,825,NaN,NaN,0
C10,FAM,PfVarATS,Unkn,826,NaN,NaN,0
C11,FAM,PfVarATS,Unkn,827,NaN,NaN,0
C12,FAM,PfVarATS,Unkn,828,NaN,NaN,0
D01,FAM,PfVarATS,Unkn,829,NaN,NaN,0
D02,FAM,PfVarATS,Unkn,830,38.18647002,NaN,38.18647002
D03,FAM,PfVarATS,Unkn,831,NaN,NaN,0
D04,FAM,PfVarATS,Unkn,832,NaN,NaN,0
D05,FAM,PfVarATS,Unkn,833,NaN,NaN,0
D06,FAM,PfVarATS,Unkn,834,39.40244327,NaN,39.40244327
D10,FAM,PfVarATS,Unkn,838,NaN,NaN,0
D11,FAM,PfVarATS,Unkn,839,NaN,NaN,0
D12,FAM,PfVarATS,Unkn,840,NaN,NaN,0
E01,FAM,PfVarATS,Unkn,861,NaN,NaN,0
E02,FAM,PfVarATS,Unkn,862,NaN,NaN,0
E03,FAM,PfVarATS,Unkn,863,NaN,NaN,0
E04,FAM,PfVarATS,Unkn,864,36.72233985,NaN,36.72233985
E05,FAM,PfVarATS,Unkn,865,NaN,NaN,0
E06,FAM,PfVarATS,Unkn,866,NaN,NaN,0
E07,FAM,PfVarATS,Unkn,867,NaN,NaN,0
E08,FAM,PfVarATS,Unkn,868,NaN,NaN,0
E09,FAM,PfVarATS,Unkn,869,NaN,NaN,0
E10,FAM,PfVarATS,Unkn,870,NaN,NaN,0
E11,FAM,PfVarATS,Unkn,871,NaN,NaN,0
E12,FAM,PfVarATS,Unkn,872,36.92865362,NaN,36.92865362
F01,FAM,PfVarATS,Unkn,873,NaN,NaN,0
F02,FAM,PfVarATS,Unkn,874,NaN,NaN,0
F03,FAM,PfVarATS,Unkn,875,NaN,NaN,0
F04,FAM,PfVarATS,Unkn,876,NaN,NaN,0
F05,FAM,PfVarATS,Unkn,877,NaN,NaN,0
F06,FAM,PfVarATS,Unkn,878,NaN,NaN,0
F07,FAM,PfVarATS,Unkn,879,NaN,NaN,0
F08,FAM,PfVarATS,Unkn,880,NaN,NaN,0
F09,FAM,PfVarATS,Unkn,881,NaN,NaN,0
F10,FAM,PfVarATS,Unkn,882,NaN,NaN,0
F11,FAM,PfVarATS,Unkn,883,NaN,NaN,0
F12,FAM,PfVarATS,Unkn,884,NaN,NaN,0
G01,FAM,PfVarATS,Unkn,885,NaN,NaN,0
G02,FAM,PfVarATS,Unkn,886,NaN,NaN,0
G03,FAM,PfVarATS,Unkn,893,NaN,NaN,0
G04,FAM,PfVarATS,Unkn,894,NaN,NaN,0
G05,FAM,PfVarATS,Unkn,895,NaN,NaN,0
G06,FAM,PfVarATS,Unkn,896,NaN,NaN,0
G07,FAM,PfVarATS,Unkn,897,NaN,NaN,0
G08,FAM,PfVarATS,Unkn,898,NaN,NaN,0
G09,FAM,PfVarATS,Unkn,899,36.96134594,NaN,36.96134594
G10,FAM,PfVarATS,Unkn,900,NaN,NaN,0
G11,FAM,PfVarATS,Unkn,901,NaN,NaN,0
G12,FAM,PfVarATS,Unkn,902,37.58753085,NaN,37.58753085
H01,FAM,PfVarATS,Unkn,903,NaN,NaN,0
H02,FAM,PfVarATS,Unkn,904,NaN,NaN,0
A03,FAM,PfVarATS,Unkn,5028,NaN,NaN,0
A04,FAM,PfVarATS,Unkn,5029,36.00460818,NaN,36.00460818
A05,FAM,PfVarATS,Unkn,5030,36.04728499,NaN,36.04728499
A08,FAM,PfVarATS,Unkn,5033,NaN,NaN,0
A10,FAM,PfVarATS,Unkn,5035,NaN,NaN,0
B01,FAM,PfVarATS,Unkn,5038,36.90185407,NaN,36.90185407
B03,FAM,PfVarATS,Unkn,5040,38.52910607,NaN,38.52910607
B06,FAM,PfVarATS,Unkn,5043,NaN,NaN,0
B07,FAM,PfVarATS,Unkn,5044,NaN,NaN,0
B08,FAM,PfVarATS,Unkn,5045,NaN,NaN,0
B09,FAM,PfVarATS,Unkn,5046,NaN,NaN,0
B10,FAM,PfVarATS,Unkn,5047,NaN,NaN,0
B11,FAM,PfVarATS,Unkn,5048,NaN,NaN,0
A01,FAM,PfVarATS,Unkn,2602,36.45198733,NaN,36.45198733
A02,FAM,PfVarATS,Unkn,2603,NaN,NaN,0
A03,FAM,PfVarATS,Unkn,2604,38.32182721,NaN,38.32182721
A04,FAM,PfVarATS,Unkn,2605,NaN,NaN,0
A05,FAM,PfVarATS,Unkn,2606,37.9594234,NaN,37.9594234
A06,FAM,PfVarATS,Unkn,2607,NaN,NaN,0
A07,FAM,PfVarATS,Unkn,2608,NaN,NaN,0
A08,FAM,PfVarATS,Unkn,2609,40.93849938,NaN,40.93849938
A09,FAM,PfVarATS,Unkn,2610,40.20174781,NaN,40.20174781
A10,FAM,PfVarATS,Unkn,2611,36.60943131,NaN,36.60943131
A11,FAM,PfVarATS,Unkn,2612,NaN,NaN,0
A12,FAM,PfVarATS,Unkn,2613,NaN,NaN,0
B02,FAM,PfVarATS,Unkn,2615,38.06715406,NaN,38.06715406
B03,FAM,PfVarATS,Unkn,2616,NaN,NaN,0
B04,FAM,PfVarATS,Unkn,2617,36.17552512,NaN,36.17552512
B05,FAM,PfVarATS,Unkn,2618,NaN,NaN,0
B06,FAM,PfVarATS,Unkn,2619,36.67111562,NaN,36.67111562
B07,FAM,PfVarATS,Unkn,2620,NaN,NaN,0
B08,FAM,PfVarATS,Unkn,2621,NaN,NaN,0
B09,FAM,PfVarATS,Unkn,2622,37.36892132,NaN,37.36892132
B10,FAM,PfVarATS,Unkn,2623,NaN,NaN,0
B11,FAM,PfVarATS,Unkn,2624,NaN,NaN,0
B12,FAM,PfVarATS,Unkn,2625,NaN,NaN,0
C01,FAM,PfVarATS,Unkn,2626,NaN,NaN,0
C02,FAM,PfVarATS,Unkn,2627,NaN,NaN,0
C03,FAM,PfVarATS,Unkn,2628,37.12079242,NaN,37.12079242
C04,FAM,PfVarATS,Unkn,2629,NaN,NaN,0
C05,FAM,PfVarATS,Unkn,2630,NaN,NaN,0
C06,FAM,PfVarATS,Unkn,2631,NaN,NaN,0
C07,FAM,PfVarATS,Unkn,2632,NaN,NaN,0
C08,FAM,PfVarATS,Unkn,2633,36.15100341,NaN,36.15100341
C09,FAM,PfVarATS,Unkn,2634,36.69819466,NaN,36.69819466
C10,FAM,PfVarATS,Unkn,2635,NaN,NaN,0
C11,FAM,PfVarATS,Unkn,2636,36.80722938,NaN,36.80722938
C12,FAM,PfVarATS,Unkn,2637,NaN,NaN,0
D01,FAM,PfVarATS,Unkn,2638,NaN,NaN,0
D02,FAM,PfVarATS,Unkn,2639,38.35111614,NaN,38.35111614
D03,FAM,PfVarATS,Unkn,2640,37.28466172,NaN,37.28466172
D04,FAM,PfVarATS,Unkn,2641,36.60969648,NaN,36.60969648
D05,FAM,PfVarATS,Unkn,2642,37.07105163,NaN,37.07105163
D06,FAM,PfVarATS,Unkn,2643,NaN,NaN,0
D08,FAM,PfVarATS,Unkn,2645,36.43396039,NaN,36.43396039
D09,FAM,PfVarATS,Unkn,2646,NaN,NaN,0
D10,FAM,PfVarATS,Unkn,2647,NaN,NaN,0
D11,FAM,PfVarATS,Unkn,2648,36.69826698,NaN,36.69826698
D12,FAM,PfVarATS,Unkn,2649,38.38724088,NaN,38.38724088
E01,FAM,PfVarATS,Unkn,2650,NaN,NaN,0
E02,FAM,PfVarATS,Unkn,2651,NaN,NaN,0
E03,FAM,PfVarATS,Unkn,2652,NaN,NaN,0
E04,FAM,PfVarATS,Unkn,2653,NaN,NaN,0
E05,FAM,PfVarATS,Unkn,2654,NaN,NaN,0
E06,FAM,PfVarATS,Unkn,2655,NaN,NaN,0
E07,FAM,PfVarATS,Unkn,2656,NaN,NaN,0
E08,FAM,PfVarATS,Unkn,2657,36.37343983,NaN,36.37343983
E09,FAM,PfVarATS,Unkn,2658,NaN,NaN,0
E10,FAM,PfVarATS,Unkn,2659,38.86353759,NaN,38.86353759
E11,FAM,PfVarATS,Unkn,2660,39.72086042,NaN,39.72086042
E12,FAM,PfVarATS,Unkn,2661,36.50357462,NaN,36.50357462
F01,FAM,PfVarATS,Unkn,2662,NaN,NaN,0
F02,FAM,PfVarATS,Unkn,2663,38.2142335,NaN,38.2142335
F03,FAM,PfVarATS,Unkn,2664,41.12426907,NaN,41.12426907
F05,FAM,PfVarATS,Unkn,928,NaN,NaN,0
F06,FAM,PfVarATS,Unkn,929,37.1341544,NaN,37.1341544
F07,FAM,PfVarATS,Unkn,930,NaN,NaN,0
F08,FAM,PfVarATS,Unkn,931,36.36923895,NaN,36.36923895
F09,FAM,PfVarATS,Unkn,932,NaN,NaN,0
F11,FAM,PfVarATS,Unkn,934,36.48642325,NaN,36.48642325
F12,FAM,PfVarATS,Unkn,935,NaN,NaN,0
G01,FAM,PfVarATS,Unkn,936,36.88198485,NaN,36.88198485
G02,FAM,PfVarATS,Unkn,937,NaN,NaN,0
G03,FAM,PfVarATS,Unkn,938,38.89030803,NaN,38.89030803
G04,FAM,PfVarATS,Unkn,939,NaN,NaN,0
G06,FAM,PfVarATS,Unkn,941,NaN,NaN,0
G07,FAM,PfVarATS,Unkn,942,NaN,NaN,0
G08,FAM,PfVarATS,Unkn,943,36.08525499,NaN,36.08525499
G09,FAM,PfVarATS,Unkn,944,NaN,NaN,0
G10,FAM,PfVarATS,Unkn,945,NaN,NaN,0
G11,FAM,PfVarATS,Unkn,946,NaN,NaN,0
G12,FAM,PfVarATS,Unkn,947,36.56297719,NaN,36.56297719
H02,FAM,PfVarATS,Unkn,959,36.21553154,NaN,36.21553154
H03,FAM,PfVarATS,Unkn,960,NaN,NaN,0
H04,FAM,PfVarATS,Unkn,961,37.55462001,NaN,37.55462001
H06,FAM,PfVarATS,Unkn,963,NaN,NaN,0
A01,FAM,PfVarATS,Unkn,5749,NaN,NaN,0
A02,FAM,PfVarATS,Unkn,5750,NaN,NaN,0
A04,FAM,PfVarATS,Unkn,5752,NaN,NaN,0
A05,FAM,PfVarATS,Unkn,5753,36.13927581,NaN,36.13927581
A06,FAM,PfVarATS,Unkn,5754,37.22290582,NaN,37.22290582
A07,FAM,PfVarATS,Unkn,5755,36.15388956,NaN,36.15388956
A08,FAM,PfVarATS,Unkn,5756,NaN,NaN,0
A09,FAM,PfVarATS,Unkn,5757,NaN,NaN,0
A10,FAM,PfVarATS,Unkn,5758,37.04295276,NaN,37.04295276
A11,FAM,PfVarATS,Unkn,5759,NaN,NaN,0
A12,FAM,PfVarATS,Unkn,5760,36.27971277,NaN,36.27971277
B01,FAM,PfVarATS,Unkn,5761,NaN,NaN,0
B02,FAM,PfVarATS,Unkn,5049,NaN,NaN,0
B03,FAM,PfVarATS,Unkn,5050,36.75058059,NaN,36.75058059
B04,FAM,PfVarATS,Unkn,5051,NaN,NaN,0
B05,FAM,PfVarATS,Unkn,5052,NaN,NaN,0
B06,FAM,PfVarATS,Unkn,5053,NaN,NaN,0
B09,FAM,PfVarATS,Unkn,5056,NaN,NaN,0
B10,FAM,PfVarATS,Unkn,5057,NaN,NaN,0
B11,FAM,PfVarATS,Unkn,5058,NaN,NaN,0
C01,FAM,PfVarATS,Unkn,5060,NaN,NaN,0
C02,FAM,PfVarATS,Unkn,5061,NaN,NaN,0
C04,FAM,PfVarATS,Unkn,5063,NaN,NaN,0
C05,FAM,PfVarATS,Unkn,5064,36.19713035,NaN,36.19713035
C07,FAM,PfVarATS,Unkn,5066,36.40022721,NaN,36.40022721
C08,FAM,PfVarATS,Unkn,5067,NaN,NaN,0
C09,FAM,PfVarATS,Unkn,5068,NaN,NaN,0
C11,FAM,PfVarATS,Unkn,5070,36.01868693,NaN,36.01868693
C12,FAM,PfVarATS,Unkn,5071,NaN,NaN,0
D01,FAM,PfVarATS,Unkn,5072,NaN,NaN,0
D02,FAM,PfVarATS,Unkn,5073,37.15353158,NaN,37.15353158
D04,FAM,PfVarATS,Unkn,5075,NaN,NaN,0
D05,FAM,PfVarATS,Unkn,5076,NaN,NaN,0
D06,FAM,PfVarATS,Unkn,5077,NaN,NaN,0
D07,FAM,PfVarATS,Unkn,5610,36.8461337,NaN,36.8461337
D08,FAM,PfVarATS,Unkn,5611,NaN,NaN,0
D09,FAM,PfVarATS,Unkn,5612,NaN,NaN,0
D10,FAM,PfVarATS,Unkn,5613,NaN,NaN,0
D11,FAM,PfVarATS,Unkn,5614,37.32283474,NaN,37.32283474
D12,FAM,PfVarATS,Unkn,5615,NaN,NaN,0
E04,FAM,PfVarATS,Unkn,5619,NaN,NaN,0
E06,FAM,PfVarATS,Unkn,5621,NaN,NaN,0
E07,FAM,PfVarATS,Unkn,5622,36.74235083,NaN,36.74235083
E08,FAM,PfVarATS,Unkn,5623,36.00086145,NaN,36.00086145
E11,FAM,PfVarATS,Unkn,5626,NaN,NaN,0
E12,FAM,PfVarATS,Unkn,5627,NaN,NaN,0
F01,FAM,PfVarATS,Unkn,5628,NaN,NaN,0
F06,FAM,PfVarATS,Unkn,5633,NaN,NaN,0
F07,FAM,PfVarATS,Unkn,5634,NaN,NaN,0
F09,FAM,PfVarATS,Unkn,5636,NaN,NaN,0
F10,FAM,PfVarATS,Unkn,5637,NaN,NaN,0
F11,FAM,PfVarATS,Unkn,5638,36.29798505,NaN,36.29798505
G01,FAM,PfVarATS,Unkn,5640,NaN,NaN,0
G02,FAM,PfVarATS,Unkn,5641,NaN,NaN,0
G04,FAM,PfVarATS,Unkn,5643,NaN,NaN,0
G05,FAM,PfVarATS,Unkn,5644,NaN,NaN,0
G06,FAM,PfVarATS,Unkn,5645,NaN,NaN,0
G08,FAM,PfVarATS,Unkn,5647,NaN,NaN,0
G09,FAM,PfVarATS,Unkn,5648,NaN,NaN,0
G10,FAM,PfVarATS,Unkn,5649,NaN,NaN,0
G11,FAM,PfVarATS,Unkn,5650,NaN,NaN,0
G12,FAM,PfVarATS,Unkn,5651,NaN,NaN,0
H01,FAM,PfVarATS,Unkn,5652,NaN,NaN,0
H03,FAM,PfVarATS,Unkn,5654,NaN,NaN,0
H04,FAM,PfVarATS,Unkn,5655,41.66679781,NaN,41.66679781
H05,FAM,PfVarATS,Unkn,5656,NaN,NaN,0
H06,FAM,PfVarATS,Unkn,5657,NaN,NaN,0
H09,FAM,PfVarATS,Unkn,5660,36.98220027,NaN,36.98220027
A01,FAM,PfVarATS,Unkn,2666,NaN,NaN,0
A02,FAM,PfVarATS,Unkn,2667,NaN,NaN,0
A03,FAM,PfVarATS,Unkn,2668,NaN,NaN,0
A04,FAM,PfVarATS,Unkn,2669,NaN,NaN,0
A05,FAM,PfVarATS,Unkn,2670,NaN,NaN,0
A06,FAM,PfVarATS,Unkn,2671,NaN,NaN,0
A07,FAM,PfVarATS,Unkn,2672,NaN,NaN,0
A08,FAM,PfVarATS,Unkn,2673,NaN,NaN,0
A09,FAM,PfVarATS,Unkn,2674,NaN,NaN,0
A10,FAM,PfVarATS,Unkn,2675,NaN,NaN,0
A11,FAM,PfVarATS,Unkn,2676,NaN,NaN,0
A12,FAM,PfVarATS,Unkn,2677,NaN,NaN,0
B01,FAM,PfVarATS,Unkn,2678,NaN,NaN,0
B02,FAM,PfVarATS,Unkn,2679,NaN,NaN,0
B03,FAM,PfVarATS,Unkn,2680,NaN,NaN,0
B05,FAM,PfVarATS,Unkn,2682,NaN,NaN,0
B06,FAM,PfVarATS,Unkn,2683,NaN,NaN,0
B07,FAM,PfVarATS,Unkn,2684,NaN,NaN,0
B08,FAM,PfVarATS,Unkn,2685,NaN,NaN,0
B09,FAM,PfVarATS,Unkn,2686,NaN,NaN,0
B10,FAM,PfVarATS,Unkn,2687,NaN,NaN,0
B11,FAM,PfVarATS,Unkn,2688,NaN,NaN,0
B12,FAM,PfVarATS,Unkn,2689,41.61842222,NaN,41.61842222
C01,FAM,PfVarATS,Unkn,2690,NaN,NaN,0
C02,FAM,PfVarATS,Unkn,2691,NaN,NaN,0
C03,FAM,PfVarATS,Unkn,2692,NaN,NaN,0
C04,FAM,PfVarATS,Unkn,2693,NaN,NaN,0
C05,FAM,PfVarATS,Unkn,2694,NaN,NaN,0
C06,FAM,PfVarATS,Unkn,2695,NaN,NaN,0
C07,FAM,PfVarATS,Unkn,2696,NaN,NaN,0
C08,FAM,PfVarATS,Unkn,2697,NaN,NaN,0
C09,FAM,PfVarATS,Unkn,2698,NaN,NaN,0
C10,FAM,PfVarATS,Unkn,2699,NaN,NaN,0
C11,FAM,PfVarATS,Unkn,2700,NaN,NaN,0
C12,FAM,PfVarATS,Unkn,2701,NaN,NaN,0
D01,FAM,PfVarATS,Unkn,2702,38.67017956,NaN,38.67017956
D02,FAM,PfVarATS,Unkn,2703,NaN,NaN,0
D03,FAM,PfVarATS,Unkn,2704,NaN,NaN,0
D04,FAM,PfVarATS,Unkn,2705,NaN,NaN,0
D05,FAM,PfVarATS,Unkn,2706,NaN,NaN,0
D06,FAM,PfVarATS,Unkn,2707,36.37975921,NaN,36.37975921
D07,FAM,PfVarATS,Unkn,2708,NaN,NaN,0
D08,FAM,PfVarATS,Unkn,2709,NaN,NaN,0
D09,FAM,PfVarATS,Unkn,2710,NaN,NaN,0
D10,FAM,PfVarATS,Unkn,2711,NaN,NaN,0
D11,FAM,PfVarATS,Unkn,2712,NaN,NaN,0
D12,FAM,PfVarATS,Unkn,2713,NaN,NaN,0
E01,FAM,PfVarATS,Unkn,2714,NaN,NaN,0
E02,FAM,PfVarATS,Unkn,2715,NaN,NaN,0
E03,FAM,PfVarATS,Unkn,2716,NaN,NaN,0
E04,FAM,PfVarATS,Unkn,2717,NaN,NaN,0
E05,FAM,PfVarATS,Unkn,2718,NaN,NaN,0
E06,FAM,PfVarATS,Unkn,2719,NaN,NaN,0
E07,FAM,PfVarATS,Unkn,2720,NaN,NaN,0
E08,FAM,PfVarATS,Unkn,2721,NaN,NaN,0
E09,FAM,PfVarATS,Unkn,2722,37.10849203,NaN,37.10849203
E10,FAM,PfVarATS,Unkn,2723,NaN,NaN,0
E11,FAM,PfVarATS,Unkn,2724,NaN,NaN,0
E12,FAM,PfVarATS,Unkn,2725,NaN,NaN,0
F01,FAM,PfVarATS,Unkn,2726,NaN,NaN,0
F02,FAM,PfVarATS,Unkn,2727,NaN,NaN,0
F03,FAM,PfVarATS,Unkn,2728,NaN,NaN,0
F04,FAM,PfVarATS,Unkn,2729,NaN,NaN,0
F05,FAM,PfVarATS,Unkn,2730,NaN,NaN,0
F06,FAM,PfVarATS,Unkn,2731,NaN,NaN,0
F07,FAM,PfVarATS,Unkn,2732,NaN,NaN,0
F08,FAM,PfVarATS,Unkn,2733,NaN,NaN,0
F09,FAM,PfVarATS,Unkn,2734,NaN,NaN,0
F10,FAM,PfVarATS,Unkn,2735,NaN,NaN,0
F11,FAM,PfVarATS,Unkn,2736,NaN,NaN,0
F12,FAM,PfVarATS,Unkn,2737,NaN,NaN,0
G01,FAM,PfVarATS,Unkn,2738,NaN,NaN,0
G02,FAM,PfVarATS,Unkn,2739,NaN,NaN,0
G03,FAM,PfVarATS,Unkn,2740,NaN,NaN,0
G04,FAM,PfVarATS,Unkn,2741,NaN,NaN,0
G06,FAM,PfVarATS,Unkn,2743,36.25741374,NaN,36.25741374
G07,FAM,PfVarATS,Unkn,2744,NaN,NaN,0
G08,FAM,PfVarATS,Unkn,2745,NaN,NaN,0
G09,FAM,PfVarATS,Unkn,2746,NaN,NaN,0
G10,FAM,PfVarATS,Unkn,2975,NaN,NaN,0
G11,FAM,PfVarATS,Unkn,2976,37.93493675,NaN,37.93493675
G12,FAM,PfVarATS,Unkn,2977,36.13812586,NaN,36.13812586
H01,FAM,PfVarATS,Unkn,2978,NaN,NaN,0
H02,FAM,PfVarATS,Unkn,2979,NaN,NaN,0
H03,FAM,PfVarATS,Unkn,2980,NaN,NaN,0
H04,FAM,PfVarATS,Unkn,2981,NaN,NaN,0
H05,FAM,PfVarATS,Unkn,2982,NaN,NaN,0
A01,FAM,PfVarATS,Unkn,2759,NaN,NaN,0
A02,FAM,PfVarATS,Unkn,2760,NaN,NaN,0
A03,FAM,PfVarATS,Unkn,2761,NaN,NaN,0
A04,FAM,PfVarATS,Unkn,2762,NaN,NaN,0
A05,FAM,PfVarATS,Unkn,2763,NaN,NaN,0
A06,FAM,PfVarATS,Unkn,2764,NaN,NaN,0
A07,FAM,PfVarATS,Unkn,2765,NaN,NaN,0
A08,FAM,PfVarATS,Unkn,2766,38.39253353,NaN,38.39253353
A09,FAM,PfVarATS,Unkn,2767,37.04597638,NaN,37.04597638
A10,FAM,PfVarATS,Unkn,2768,NaN,NaN,0
A11,FAM,PfVarATS,Unkn,2769,NaN,NaN,0
A12,FAM,PfVarATS,Unkn,2770,NaN,NaN,0
B01,FAM,PfVarATS,Unkn,2771,NaN,NaN,0
B02,FAM,PfVarATS,Unkn,2772,NaN,NaN,0
B03,FAM,PfVarATS,Unkn,2773,NaN,NaN,0
B04,FAM,PfVarATS,Unkn,2774,NaN,NaN,0
B05,FAM,PfVarATS,Unkn,2775,NaN,NaN,0
B06,FAM,PfVarATS,Unkn,2776,NaN,NaN,0
B07,FAM,PfVarATS,Unkn,2777,NaN,NaN,0
B08,FAM,PfVarATS,Unkn,2778,NaN,NaN,0
B09,FAM,PfVarATS,Unkn,2779,NaN,NaN,0
B10,FAM,PfVarATS,Unkn,2780,37.40895729,NaN,37.40895729
B11,FAM,PfVarATS,Unkn,2781,40.15667025,NaN,40.15667025
B12,FAM,PfVarATS,Unkn,2782,NaN,NaN,0
C01,FAM,PfVarATS,Unkn,2783,NaN,NaN,0
C02,FAM,PfVarATS,Unkn,2784,NaN,NaN,0
C03,FAM,PfVarATS,Unkn,2785,NaN,NaN,0
C04,FAM,PfVarATS,Unkn,2786,NaN,NaN,0
C05,FAM,PfVarATS,Unkn,2787,NaN,NaN,0
C07,FAM,PfVarATS,Unkn,2789,NaN,NaN,0
C11,FAM,PfVarATS,Unkn,2793,40.50689012,NaN,40.50689012
C12,FAM,PfVarATS,Unkn,2794,NaN,NaN,0
D01,FAM,PfVarATS,Unkn,2795,NaN,NaN,0
D02,FAM,PfVarATS,Unkn,2796,NaN,NaN,0
D03,FAM,PfVarATS,Unkn,2797,NaN,NaN,0
D04,FAM,PfVarATS,Unkn,2798,37.84854573,NaN,37.84854573
D05,FAM,PfVarATS,Unkn,2799,NaN,NaN,0
D06,FAM,PfVarATS,Unkn,2800,NaN,NaN,0
D07,FAM,PfVarATS,Unkn,2801,NaN,NaN,0
D08,FAM,PfVarATS,Unkn,2802,NaN,NaN,0
D09,FAM,PfVarATS,Unkn,2803,NaN,NaN,0
D10,FAM,PfVarATS,Unkn,2804,NaN,NaN,0
D11,FAM,PfVarATS,Unkn,2805,NaN,NaN,0
D12,FAM,PfVarATS,Unkn,2806,NaN,NaN,0
E01,FAM,PfVarATS,Unkn,2807,NaN,NaN,0
E02,FAM,PfVarATS,Unkn,2808,NaN,NaN,0
E03,FAM,PfVarATS,Unkn,2809,NaN,NaN,0
E04,FAM,PfVarATS,Unkn,2810,NaN,NaN,0
E05,FAM,PfVarATS,Unkn,978,NaN,NaN,0
E06,FAM,PfVarATS,Unkn,979,NaN,NaN,0
E08,FAM,PfVarATS,Unkn,981,NaN,NaN,0
E10,FAM,PfVarATS,Unkn,983,NaN,NaN,0
E11,FAM,PfVarATS,Unkn,984,38.6880574,NaN,38.6880574
E12,FAM,PfVarATS,Unkn,985,NaN,NaN,0
F01,FAM,PfVarATS,Unkn,986,NaN,NaN,0
F02,FAM,PfVarATS,Unkn,987,40.3661483,NaN,40.3661483
F03,FAM,PfVarATS,Unkn,1007,NaN,NaN,0
F04,FAM,PfVarATS,Unkn,1008,NaN,NaN,0
F05,FAM,PfVarATS,Unkn,1009,NaN,NaN,0
F06,FAM,PfVarATS,Unkn,1010,NaN,NaN,0
F07,FAM,PfVarATS,Unkn,1011,NaN,NaN,0
F08,FAM,PfVarATS,Unkn,1012,NaN,NaN,0
F09,FAM,PfVarATS,Unkn,1013,NaN,NaN,0
F10,FAM,PfVarATS,Unkn,1014,NaN,NaN,0
F11,FAM,PfVarATS,Unkn,1015,NaN,NaN,0
F12,FAM,PfVarATS,Unkn,1016,NaN,NaN,0
G01,FAM,PfVarATS,Unkn,1017,NaN,NaN,0
G02,FAM,PfVarATS,Unkn,1018,38.16479178,NaN,38.16479178
G03,FAM,PfVarATS,Unkn,1019,NaN,NaN,0
G04,FAM,PfVarATS,Unkn,1020,NaN,NaN,0
G05,FAM,PfVarATS,Unkn,1025,39.58549553,NaN,39.58549553
G06,FAM,PfVarATS,Unkn,1026,NaN,NaN,0
G07,FAM,PfVarATS,Unkn,1027,NaN,NaN,0
G08,FAM,PfVarATS,Unkn,1028,39.9028094,NaN,39.9028094
G09,FAM,PfVarATS,Unkn,1029,NaN,NaN,0
G10,FAM,PfVarATS,Unkn,1030,NaN,NaN,0
G11,FAM,PfVarATS,Unkn,1031,NaN,NaN,0
G12,FAM,PfVarATS,Unkn,1032,NaN,NaN,0
H01,FAM,PfVarATS,Unkn,1033,NaN,NaN,0
H02,FAM,PfVarATS,Unkn,1034,NaN,NaN,0
H03,FAM,PfVarATS,Unkn,1035,NaN,NaN,0
H04,FAM,PfVarATS,Unkn,1036,NaN,NaN,0
H05,FAM,PfVarATS,Unkn,1037,NaN,NaN,0
H06,FAM,PfVarATS,Unkn,1044,NaN,NaN,0
A01,FAM,PfVarATS,Unkn,241,NaN,NaN,0
A02,FAM,PfVarATS,Unkn,242,NaN,NaN,0
A03,FAM,PfVarATS,Unkn,243,NaN,NaN,0
A04,FAM,PfVarATS,Unkn,251,NaN,NaN,0
A06,FAM,PfVarATS,Unkn,256,NaN,NaN,0
A07,FAM,PfVarATS,Unkn,258,36.03705049,NaN,36.03705049
A08,FAM,PfVarATS,Unkn,259,36.25039334,NaN,36.25039334
A09,FAM,PfVarATS,Unkn,260,NaN,NaN,0
A10,FAM,PfVarATS,Unkn,261,NaN,NaN,0
A11,FAM,PfVarATS,Unkn,262,36.62144791,NaN,36.62144791
A12,FAM,PfVarATS,Unkn,263,NaN,NaN,0
B01,FAM,PfVarATS,Unkn,264,NaN,NaN,0
B02,FAM,PfVarATS,Unkn,265,NaN,NaN,0
B03,FAM,PfVarATS,Unkn,266,NaN,NaN,0
B04,FAM,PfVarATS,Unkn,268,NaN,NaN,0
B05,FAM,PfVarATS,Unkn,5261,NaN,NaN,0
B06,FAM,PfVarATS,Unkn,5262,NaN,NaN,0
B07,FAM,PfVarATS,Unkn,5263,37.40964649,NaN,37.40964649
B09,FAM,PfVarATS,Unkn,5265,NaN,NaN,0
B10,FAM,PfVarATS,Unkn,5266,NaN,NaN,0
B11,FAM,PfVarATS,Unkn,5267,NaN,NaN,0
B12,FAM,PfVarATS,Unkn,5268,NaN,NaN,0
C01,FAM,PfVarATS,Unkn,5269,NaN,NaN,0
C02,FAM,PfVarATS,Unkn,5270,NaN,NaN,0
C03,FAM,PfVarATS,Unkn,5271,NaN,NaN,0
C04,FAM,PfVarATS,Unkn,5272,NaN,NaN,0
C05,FAM,PfVarATS,Unkn,5273,NaN,NaN,0
C06,FAM,PfVarATS,Unkn,5274,NaN,NaN,0
C07,FAM,PfVarATS,Unkn,5275,NaN,NaN,0
C08,FAM,PfVarATS,Unkn,5276,NaN,NaN,0
C09,FAM,PfVarATS,Unkn,5277,NaN,NaN,0
C10,FAM,PfVarATS,Unkn,5278,NaN,NaN,0
C11,FAM,PfVarATS,Unkn,5279,NaN,NaN,0
C12,FAM,PfVarATS,Unkn,5280,NaN,NaN,0
D01,FAM,PfVarATS,Unkn,5281,NaN,NaN,0
D02,FAM,PfVarATS,Unkn,5282,NaN,NaN,0
D03,FAM,PfVarATS,Unkn,5283,NaN,NaN,0
D04,FAM,PfVarATS,Unkn,5284,NaN,NaN,0
D05,FAM,PfVarATS,Unkn,5285,NaN,NaN,0
D06,FAM,PfVarATS,Unkn,5286,NaN,NaN,0
D07,FAM,PfVarATS,Unkn,5287,37.23037844,NaN,37.23037844
D08,FAM,PfVarATS,Unkn,5288,NaN,NaN,0
D09,FAM,PfVarATS,Unkn,5289,NaN,NaN,0
D10,FAM,PfVarATS,Unkn,5290,NaN,NaN,0
D11,FAM,PfVarATS,Unkn,5291,NaN,NaN,0
E01,FAM,PfVarATS,Unkn,5293,36.36456349,NaN,36.36456349
E02,FAM,PfVarATS,Unkn,5294,NaN,NaN,0
E03,FAM,PfVarATS,Unkn,5295,NaN,NaN,0
E04,FAM,PfVarATS,Unkn,5296,NaN,NaN,0
E05,FAM,PfVarATS,Unkn,5297,36.15481768,NaN,36.15481768
E06,FAM,PfVarATS,Unkn,5298,NaN,NaN,0
E07,FAM,PfVarATS,Unkn,5299,NaN,NaN,0
E08,FAM,PfVarATS,Unkn,5300,NaN,NaN,0
E09,FAM,PfVarATS,Unkn,5301,NaN,NaN,0
E10,FAM,PfVarATS,Unkn,5302,NaN,NaN,0
E11,FAM,PfVarATS,Unkn,5303,37.27160552,NaN,37.27160552
E12,FAM,PfVarATS,Unkn,5304,NaN,NaN,0
F01,FAM,PfVarATS,Unkn,5305,NaN,NaN,0
F02,FAM,PfVarATS,Unkn,5306,NaN,NaN,0
F03,FAM,PfVarATS,Unkn,5307,NaN,NaN,0
F04,FAM,PfVarATS,Unkn,5308,NaN,NaN,0
F05,FAM,PfVarATS,Unkn,5309,NaN,NaN,0
F06,FAM,PfVarATS,Unkn,5310,NaN,NaN,0
F07,FAM,PfVarATS,Unkn,5311,NaN,NaN,0
F08,FAM,PfVarATS,Unkn,5312,NaN,NaN,0
F09,FAM,PfVarATS,Unkn,5313,NaN,NaN,0
F10,FAM,PfVarATS,Unkn,5314,NaN,NaN,0
F11,FAM,PfVarATS,Unkn,5315,NaN,NaN,0
F12,FAM,PfVarATS,Unkn,5316,NaN,NaN,0
G01,FAM,PfVarATS,Unkn,5317,NaN,NaN,0
G02,FAM,PfVarATS,Unkn,5318,NaN,NaN,0
G03,FAM,PfVarATS,Unkn,5319,NaN,NaN,0
G05,FAM,PfVarATS,Unkn,5321,NaN,NaN,0
G06,FAM,PfVarATS,Unkn,5322,NaN,NaN,0
G07,FAM,PfVarATS,Unkn,5323,NaN,NaN,0
G08,FAM,PfVarATS,Unkn,5324,NaN,NaN,0
G09,FAM,PfVarATS,Unkn,5325,NaN,NaN,0
G10,FAM,PfVarATS,Unkn,5326,NaN,NaN,0
G11,FAM,PfVarATS,Unkn,5327,NaN,NaN,0
G12,FAM,PfVarATS,Unkn,5328,NaN,NaN,0
H01,FAM,PfVarATS,Unkn,5329,39.62653095,NaN,39.62653095
H02,FAM,PfVarATS,Unkn,5330,NaN,NaN,0
H03,FAM,PfVarATS,Unkn,5331,NaN,NaN,0
H04,FAM,PfVarATS,Unkn,5332,NaN,NaN,0
H06,FAM,PfVarATS,Unkn,5334,NaN,NaN,0
H07,FAM,PfVarATS,Unkn,5335,NaN,NaN,0
H08,FAM,PfVarATS,Unkn,5336,NaN,NaN,0
H09,FAM,PfVarATS,Unkn,5337,NaN,NaN,0
H10,FAM,PfVarATS,Unkn,5338,NaN,NaN,0
A01,FAM,PfVarATS,Unkn,5238,NaN,NaN,0
A02,FAM,PfVarATS,Unkn,5239,NaN,NaN,0
A03,FAM,PfVarATS,Unkn,5240,36.41361416,NaN,36.41361416
A04,FAM,PfVarATS,Unkn,5241,37.07908634,NaN,37.07908634
A05,FAM,PfVarATS,Unkn,5242,37.13960892,NaN,37.13960892
A07,FAM,PfVarATS,Unkn,5244,NaN,NaN,0
A08,FAM,PfVarATS,Unkn,5245,NaN,NaN,0
A09,FAM,PfVarATS,Unkn,5246,NaN,NaN,0
A10,FAM,PfVarATS,Unkn,5247,NaN,NaN,0
A11,FAM,PfVarATS,Unkn,5248,NaN,NaN,0
A12,FAM,PfVarATS,Unkn,5249,NaN,NaN,0
B01,FAM,PfVarATS,Unkn,2199,NaN,NaN,0
B02,FAM,PfVarATS,Unkn,2120,NaN,NaN,0
B03,FAM,PfVarATS,Unkn,2122,NaN,NaN,0
B04,FAM,PfVarATS,Unkn,2121,NaN,NaN,0
B05,FAM,PfVarATS,Unkn,2123,NaN,NaN,0
B06,FAM,PfVarATS,Unkn,2124,NaN,NaN,0
B07,FAM,PfVarATS,Unkn,2125,37.00399109,NaN,37.00399109
B08,FAM,PfVarATS,Unkn,2126,37.03241713,NaN,37.03241713
B09,FAM,PfVarATS,Unkn,2127,NaN,NaN,0
B10,FAM,PfVarATS,Unkn,2128,NaN,NaN,0
B11,FAM,PfVarATS,Unkn,2129,NaN,NaN,0
B12,FAM,PfVarATS,Unkn,2130,NaN,NaN,0
C01,FAM,PfVarATS,Unkn,2131,NaN,NaN,0
C02,FAM,PfVarATS,Unkn,2132,NaN,NaN,0
C03,FAM,PfVarATS,Unkn,2185,NaN,NaN,0
C04,FAM,PfVarATS,Unkn,2186,NaN,NaN,0
C05,FAM,PfVarATS,Unkn,2187,NaN,NaN,0
C06,FAM,PfVarATS,Unkn,2188,NaN,NaN,0
C07,FAM,PfVarATS,Unkn,2189,NaN,NaN,0
C08,FAM,PfVarATS,Unkn,2190,NaN,NaN,0
C09,FAM,PfVarATS,Unkn,2191,37.82204209,NaN,37.82204209
C10,FAM,PfVarATS,Unkn,2192,36.7797846,NaN,36.7797846
C11,FAM,PfVarATS,Unkn,2193,NaN,NaN,0
C12,FAM,PfVarATS,Unkn,2194,NaN,NaN,0
D01,FAM,PfVarATS,Unkn,2195,NaN,NaN,0
D02,FAM,PfVarATS,Unkn,2196,NaN,NaN,0
D03,FAM,PfVarATS,Unkn,2197,NaN,NaN,0
D04,FAM,PfVarATS,Unkn,2198,37.70792263,NaN,37.70792263
D05,FAM,PfVarATS,Unkn,2199,NaN,NaN,0
D06,FAM,PfVarATS,Unkn,2200,NaN,NaN,0
D07,FAM,PfVarATS,Unkn,2210,NaN,NaN,0
D08,FAM,PfVarATS,Unkn,2209,NaN,NaN,0
D09,FAM,PfVarATS,Unkn,2208,NaN,NaN,0
D10,FAM,PfVarATS,Unkn,2207,NaN,NaN,0
D11,FAM,PfVarATS,Unkn,2206,NaN,NaN,0
D12,FAM,PfVarATS,Unkn,2205,NaN,NaN,0
E01,FAM,PfVarATS,Unkn,2204,NaN,NaN,0
E02,FAM,PfVarATS,Unkn,2203,NaN,NaN,0
E03,FAM,PfVarATS,Unkn,2202,NaN,NaN,0
E04,FAM,PfVarATS,Unkn,2201,NaN,NaN,0
E05,FAM,PfVarATS,Unkn,2211,NaN,NaN,0
E06,FAM,PfVarATS,Unkn,2212,NaN,NaN,0
E07,FAM,PfVarATS,Unkn,2213,NaN,NaN,0
E08,FAM,PfVarATS,Unkn,2214,NaN,NaN,0
E09,FAM,PfVarATS,Unkn,2215,NaN,NaN,0
E10,FAM,PfVarATS,Unkn,2216,NaN,NaN,0
E11,FAM,PfVarATS,Unkn,2217,36.6196076,NaN,36.6196076
E12,FAM,PfVarATS,Unkn,2218,NaN,NaN,0
F01,FAM,PfVarATS,Unkn,2219,NaN,NaN,0
F02,FAM,PfVarATS,Unkn,2220,NaN,NaN,0
F03,FAM,PfVarATS,Unkn,2221,36.24800092,NaN,36.24800092
F04,FAM,PfVarATS,Unkn,2222,NaN,NaN,0
F05,FAM,PfVarATS,Unkn,2223,NaN,NaN,0
F06,FAM,PfVarATS,Unkn,2224,NaN,NaN,0
F07,FAM,PfVarATS,Unkn,2225,NaN,NaN,0
F08,FAM,PfVarATS,Unkn,2226,NaN,NaN,0
F09,FAM,PfVarATS,Unkn,2227,36.46001132,NaN,36.46001132
F10,FAM,PfVarATS,Unkn,2228,NaN,NaN,0
F11,FAM,PfVarATS,Unkn,2229,NaN,NaN,0
F12,FAM,PfVarATS,Unkn,2230,NaN,NaN,0
G01,FAM,PfVarATS,Unkn,2231,NaN,NaN,0
G02,FAM,PfVarATS,Unkn,2232,NaN,NaN,0
G03,FAM,PfVarATS,Unkn,2233,NaN,NaN,0
G04,FAM,PfVarATS,Unkn,2234,NaN,NaN,0
G05,FAM,PfVarATS,Unkn,2235,NaN,NaN,0
G06,FAM,PfVarATS,Unkn,2236,NaN,NaN,0
G07,FAM,PfVarATS,Unkn,2237,NaN,NaN,0
G08,FAM,PfVarATS,Unkn,2238,NaN,NaN,0
G09,FAM,PfVarATS,Unkn,2239,NaN,NaN,0
G10,FAM,PfVarATS,Unkn,2240,NaN,NaN,0
G11,FAM,PfVarATS,Unkn,2241,NaN,NaN,0
G12,FAM,PfVarATS,Unkn,2242,NaN,NaN,0
H01,FAM,PfVarATS,Unkn,2243,NaN,NaN,0
H02,FAM,PfVarATS,Unkn,2244,NaN,NaN,0
H03,FAM,PfVarATS,Unkn,2245,NaN,NaN,0
H04,FAM,PfVarATS,Unkn,2246,NaN,NaN,0
H05,FAM,PfVarATS,Unkn,2247,NaN,NaN,0
H06,FAM,PfVarATS,Unkn,2248,NaN,NaN,0
H07,FAM,PfVarATS,Unkn,2249,NaN,NaN,0
H08,FAM,PfVarATS,Unkn,2250,38.30164761,NaN,38.30164761
H09,FAM,PfVarATS,Unkn,2251,38.63537094,NaN,38.63537094
H10,FAM,PfVarATS,Unkn,2252,NaN,NaN,0
A02,FAM,PfVarATS,Unkn,5809,NaN,NaN,0
A03,FAM,PfVarATS,Unkn,5810,NaN,NaN,0
A04,FAM,PfVarATS,Unkn,5811,NaN,NaN,0
A05,FAM,PfVarATS,Unkn,5812,NaN,NaN,0
A06,FAM,PfVarATS,Unkn,5813,NaN,NaN,0
A07,FAM,PfVarATS,Unkn,5814,NaN,NaN,0
A08,FAM,PfVarATS,Unkn,5815,NaN,NaN,0
A09,FAM,PfVarATS,Unkn,5816,NaN,NaN,0
A10,FAM,PfVarATS,Unkn,5817,NaN,NaN,0
A11,FAM,PfVarATS,Unkn,5818,NaN,NaN,0
A12,FAM,PfVarATS,Unkn,5819,NaN,NaN,0
B01,FAM,PfVarATS,Unkn,5820,39.31532046,NaN,39.31532046
B02,FAM,PfVarATS,Unkn,5821,42.5325509,NaN,42.5325509
B03,FAM,PfVarATS,Unkn,5822,39.45864824,NaN,39.45864824
B04,FAM,PfVarATS,Unkn,5823,NaN,NaN,0
B05,FAM,PfVarATS,Unkn,5824,37.11604202,NaN,37.11604202
B06,FAM,PfVarATS,Unkn,5825,NaN,NaN,0
B07,FAM,PfVarATS,Unkn,5826,37.05404067,NaN,37.05404067
B08,FAM,PfVarATS,Unkn,5828,NaN,NaN,0
B09,FAM,PfVarATS,Unkn,5829,NaN,NaN,0
B10,FAM,PfVarATS,Unkn,5830,NaN,NaN,0
B11,FAM,PfVarATS,Unkn,5831,NaN,NaN,0
C01,FAM,PfVarATS,Unkn,5833,NaN,NaN,0
C02,FAM,PfVarATS,Unkn,5834,NaN,NaN,0
C03,FAM,PfVarATS,Unkn,5835,NaN,NaN,0
C05,FAM,PfVarATS,Unkn,5837,NaN,NaN,0
C06,FAM,PfVarATS,Unkn,5838,NaN,NaN,0
C07,FAM,PfVarATS,Unkn,5839,NaN,NaN,0
C12,FAM,PfVarATS,Unkn,487,NaN,NaN,0
D02,FAM,PfVarATS,Unkn,489,NaN,NaN,0
D03,FAM,PfVarATS,Unkn,497,NaN,NaN,0
D04,FAM,PfVarATS,Unkn,498,NaN,NaN,0
D05,FAM,PfVarATS,Unkn,499,38.00812809,NaN,38.00812809
D07,FAM,PfVarATS,Unkn,501,NaN,NaN,0
D08,FAM,PfVarATS,Unkn,502,37.18511636,NaN,37.18511636
D09,FAM,PfVarATS,Unkn,503,36.41631499,NaN,36.41631499
D10,FAM,PfVarATS,Unkn,504,NaN,NaN,0
D11,FAM,PfVarATS,Unkn,505,NaN,NaN,0
E02,FAM,PfVarATS,Unkn,508,36.10527101,NaN,36.10527101
E06,FAM,PfVarATS,Unkn,518,NaN,NaN,0
E07,FAM,PfVarATS,Unkn,519,NaN,NaN,0
E08,FAM,PfVarATS,Unkn,520,NaN,NaN,0
E10,FAM,PfVarATS,Unkn,522,NaN,NaN,0
E11,FAM,PfVarATS,Unkn,523,NaN,NaN,0
E12,FAM,PfVarATS,Unkn,524,NaN,NaN,0
F01,FAM,PfVarATS,Unkn,525,NaN,NaN,0
F02,FAM,PfVarATS,Unkn,526,NaN,NaN,0
F04,FAM,PfVarATS,Unkn,538,NaN,NaN,0
F05,FAM,PfVarATS,Unkn,539,NaN,NaN,0
F06,FAM,PfVarATS,Unkn,540,NaN,NaN,0
F07,FAM,PfVarATS,Unkn,541,NaN,NaN,0
F08,FAM,PfVarATS,Unkn,542,NaN,NaN,0
F10,FAM,PfVarATS,Unkn,544,NaN,NaN,0
F11,FAM,PfVarATS,Unkn,545,NaN,NaN,0
F12,FAM,PfVarATS,Unkn,546,NaN,NaN,0
G01,FAM,PfVarATS,Unkn,5840,NaN,NaN,0
G02,FAM,PfVarATS,Unkn,5827,NaN,NaN,0
G03,FAM,PfVarATS,Unkn,905,NaN,NaN,0
G05,FAM,PfVarATS,Unkn,907,36.05265373,NaN,36.05265373
G07,FAM,PfVarATS,Unkn,909,NaN,NaN,0
G10,FAM,PfVarATS,Unkn,912,NaN,NaN,0
G11,FAM,PfVarATS,Unkn,918,NaN,NaN,0
G12,FAM,PfVarATS,Unkn,919,36.88269838,NaN,36.88269838
H02,FAM,PfVarATS,Unkn,921,NaN,NaN,0
H03,FAM,PfVarATS,Unkn,922,NaN,NaN,0
H04,FAM,PfVarATS,Unkn,923,NaN,NaN,0
H05,FAM,PfVarATS,Unkn,924,NaN,NaN,0
H06,FAM,PfVarATS,Unkn,925,36.28299925,NaN,36.28299925
H08,FAM,PfVarATS,Unkn,927,NaN,NaN,0
A01,FAM,PfVarATS,Unkn,5339,NaN,NaN,0
A02,FAM,PfVarATS,Unkn,5340,NaN,NaN,0
A03,FAM,PfVarATS,Unkn,5341,NaN,NaN,0
A04,FAM,PfVarATS,Unkn,2019,NaN,NaN,0
A05,FAM,PfVarATS,Unkn,2020,NaN,NaN,0
A06,FAM,PfVarATS,Unkn,2021,39.17459234,NaN,39.17459234
A07,FAM,PfVarATS,Unkn,2022,NaN,NaN,0
A08,FAM,PfVarATS,Unkn,2023,NaN,NaN,0
A09,FAM,PfVarATS,Unkn,2024,NaN,NaN,0
A10,FAM,PfVarATS,Unkn,2025,NaN,NaN,0
A11,FAM,PfVarATS,Unkn,2026,NaN,NaN,0
B01,FAM,PfVarATS,Unkn,2028,NaN,NaN,0
B02,FAM,PfVarATS,Unkn,2029,36.39821997,NaN,36.39821997
B04,FAM,PfVarATS,Unkn,2031,NaN,NaN,0
B05,FAM,PfVarATS,Unkn,2032,37.23831896,NaN,37.23831896
B06,FAM,PfVarATS,Unkn,2033,NaN,NaN,0
B07,FAM,PfVarATS,Unkn,2034,NaN,NaN,0
B08,FAM,PfVarATS,Unkn,2035,NaN,NaN,0
B10,FAM,PfVarATS,Unkn,2037,NaN,NaN,0
B11,FAM,PfVarATS,Unkn,2038,37.45597516,NaN,37.45597516
B12,FAM,PfVarATS,Unkn,2039,NaN,NaN,0
C01,FAM,PfVarATS,Unkn,2040,NaN,NaN,0
C02,FAM,PfVarATS,Unkn,2041,NaN,NaN,0
C03,FAM,PfVarATS,Unkn,2042,40.42098056,NaN,40.42098056
C04,FAM,PfVarATS,Unkn,2043,36.78817406,NaN,36.78817406
C05,FAM,PfVarATS,Unkn,2044,NaN,NaN,0
C06,FAM,PfVarATS,Unkn,2045,NaN,NaN,0
C07,FAM,PfVarATS,Unkn,2046,NaN,NaN,0
C08,FAM,PfVarATS,Unkn,2047,NaN,NaN,0
C09,FAM,PfVarATS,Unkn,2048,44.88303424,NaN,44.88303424
C10,FAM,PfVarATS,Unkn,2049,NaN,NaN,0
C11,FAM,PfVarATS,Unkn,2050,37.2521541,NaN,37.2521541
C12,FAM,PfVarATS,Unkn,2051,NaN,NaN,0
D01,FAM,PfVarATS,Unkn,2052,NaN,NaN,0
D02,FAM,PfVarATS,Unkn,2053,NaN,NaN,0
D03,FAM,PfVarATS,Unkn,2054,7.392075654,NaN,7.392075654
D04,FAM,PfVarATS,Unkn,2055,NaN,NaN,0
D06,FAM,PfVarATS,Unkn,2057,NaN,NaN,0
D07,FAM,PfVarATS,Unkn,2058,NaN,NaN,0
D08,FAM,PfVarATS,Unkn,2059,NaN,NaN,0
D09,FAM,PfVarATS,Unkn,2060,NaN,NaN,0
D11,FAM,PfVarATS,Unkn,2062,NaN,NaN,0
D12,FAM,PfVarATS,Unkn,2063,NaN,NaN,0
E01,FAM,PfVarATS,Unkn,2064,NaN,NaN,0
E02,FAM,PfVarATS,Unkn,2065,NaN,NaN,0
E03,FAM,PfVarATS,Unkn,2066,36.17346227,NaN,36.17346227
E04,FAM,PfVarATS,Unkn,2067,NaN,NaN,0
E05,FAM,PfVarATS,Unkn,2068,NaN,NaN,0
E06,FAM,PfVarATS,Unkn,2069,NaN,NaN,0
E07,FAM,PfVarATS,Unkn,2070,37.7177118,NaN,37.7177118
E08,FAM,PfVarATS,Unkn,2071,NaN,NaN,0
E09,FAM,PfVarATS,Unkn,2072,NaN,NaN,0
E11,FAM,PfVarATS,Unkn,2074,NaN,NaN,0
E12,FAM,PfVarATS,Unkn,2075,NaN,NaN,0
F01,FAM,PfVarATS,Unkn,2076,38.06932255,NaN,38.06932255
F02,FAM,PfVarATS,Unkn,2077,NaN,NaN,0
F03,FAM,PfVarATS,Unkn,2078,NaN,NaN,0
F04,FAM,PfVarATS,Unkn,2079,NaN,NaN,0
F05,FAM,PfVarATS,Unkn,2080,NaN,NaN,0
F07,FAM,PfVarATS,Unkn,2082,37.53720953,NaN,37.53720953
F08,FAM,PfVarATS,Unkn,2083,NaN,NaN,0
F11,FAM,PfVarATS,Unkn,2086,NaN,NaN,0
F12,FAM,PfVarATS,Unkn,2087,NaN,NaN,0
G01,FAM,PfVarATS,Unkn,2088,NaN,NaN,0
G02,FAM,PfVarATS,Unkn,2089,NaN,NaN,0
G03,FAM,PfVarATS,Unkn,2090,NaN,NaN,0
G04,FAM,PfVarATS,Unkn,2091,NaN,NaN,0
G06,FAM,PfVarATS,Unkn,2093,NaN,NaN,0
G07,FAM,PfVarATS,Unkn,2094,NaN,NaN,0
G09,FAM,PfVarATS,Unkn,2096,NaN,NaN,0
G10,FAM,PfVarATS,Unkn,2097,NaN,NaN,0
G11,FAM,PfVarATS,Unkn,2098,36.40506986,NaN,36.40506986
G12,FAM,PfVarATS,Unkn,2099,37.18563553,NaN,37.18563553
H03,FAM,PfVarATS,Unkn,2102,NaN,NaN,0
H05,FAM,PfVarATS,Unkn,2104,NaN,NaN,0
H06,FAM,PfVarATS,Unkn,2105,NaN,NaN,0
H07,FAM,PfVarATS,Unkn,2106,37.01797399,NaN,37.01797399
H10,FAM,PfVarATS,Unkn,2109,NaN,NaN,0
A02,FAM,PfVarATS,Unkn,5663,NaN,NaN,0
A05,FAM,PfVarATS,Unkn,5666,NaN,NaN,0
A06,FAM,PfVarATS,Unkn,5667,NaN,NaN,0
A08,FAM,PfVarATS,Unkn,5669,NaN,NaN,0
A09,FAM,PfVarATS,Unkn,5670,NaN,NaN,0
A10,FAM,PfVarATS,Unkn,5671,NaN,NaN,0
A12,FAM,PfVarATS,Unkn,5673,NaN,NaN,0
B01,FAM,PfVarATS,Unkn,5674,NaN,NaN,0
B02,FAM,PfVarATS,Unkn,5675,NaN,NaN,0
B03,FAM,PfVarATS,Unkn,5676,NaN,NaN,0
B04,FAM,PfVarATS,Unkn,5677,NaN,NaN,0
B05,FAM,PfVarATS,Unkn,5678,37.4095011,NaN,37.4095011
B08,FAM,PfVarATS,Unkn,5681,NaN,NaN,0
B10,FAM,PfVarATS,Unkn,5683,NaN,NaN,0
B12,FAM,PfVarATS,Unkn,5685,NaN,NaN,0
C01,FAM,PfVarATS,Unkn,5686,NaN,NaN,0
C02,FAM,PfVarATS,Unkn,5687,NaN,NaN,0
C03,FAM,PfVarATS,Unkn,5688,NaN,NaN,0
C05,FAM,PfVarATS,Unkn,5690,NaN,NaN,0
C08,FAM,PfVarATS,Unkn,5,NaN,NaN,0
C09,FAM,PfVarATS,Unkn,6,NaN,NaN,0
C12,FAM,PfVarATS,Unkn,9,NaN,NaN,0
D01,FAM,PfVarATS,Unkn,13,NaN,NaN,0
D02,FAM,PfVarATS,Unkn,14,NaN,NaN,0
D03,FAM,PfVarATS,Unkn,17,NaN,NaN,0
D06,FAM,PfVarATS,Unkn,34,NaN,NaN,0
D07,FAM,PfVarATS,Unkn,37,37.40581693,NaN,37.40581693
D08,FAM,PfVarATS,Unkn,38,NaN,NaN,0
D10,FAM,PfVarATS,Unkn,40,NaN,NaN,0
D12,FAM,PfVarATS,Unkn,45,NaN,NaN,0
E02,FAM,PfVarATS,Unkn,50,NaN,NaN,0
E03,FAM,PfVarATS,Unkn,51,NaN,NaN,0
E05,FAM,PfVarATS,Unkn,54,NaN,NaN,0
E06,FAM,PfVarATS,Unkn,55,NaN,NaN,0
E07,FAM,PfVarATS,Unkn,56,NaN,NaN,0
E08,FAM,PfVarATS,Unkn,59,NaN,NaN,0
E09,FAM,PfVarATS,Unkn,60,NaN,NaN,0
E10,FAM,PfVarATS,Unkn,61,NaN,NaN,0
E11,FAM,PfVarATS,Unkn,65,NaN,NaN,0
E12,FAM,PfVarATS,Unkn,66,NaN,NaN,0
F01,FAM,PfVarATS,Unkn,67,36.10690381,NaN,36.10690381
F02,FAM,PfVarATS,Unkn,68,NaN,NaN,0
F03,FAM,PfVarATS,Unkn,69,38.32002286,NaN,38.32002286
F04,FAM,PfVarATS,Unkn,70,36.26990472,NaN,36.26990472
F05,FAM,PfVarATS,Unkn,71,NaN,NaN,0
F07,FAM,PfVarATS,Unkn,189,NaN,NaN,0
F08,FAM,PfVarATS,Unkn,190,NaN,NaN,0
F09,FAM,PfVarATS,Unkn,192,NaN,NaN,0
F10,FAM,PfVarATS,Unkn,193,36.18457973,NaN,36.18457973
F11,FAM,PfVarATS,Unkn,194,NaN,NaN,0
G01,FAM,PfVarATS,Unkn,198,NaN,NaN,0
G02,FAM,PfVarATS,Unkn,199,NaN,NaN,0
G03,FAM,PfVarATS,Unkn,200,NaN,NaN,0
G05,FAM,PfVarATS,Unkn,203,NaN,NaN,0
G08,FAM,PfVarATS,Unkn,213,NaN,NaN,0
G09,FAM,PfVarATS,Unkn,214,NaN,NaN,0
G10,FAM,PfVarATS,Unkn,215,NaN,NaN,0
G11,FAM,PfVarATS,Unkn,216,NaN,NaN,0
G12,FAM,PfVarATS,Unkn,218,38.09053997,NaN,38.09053997
H01,FAM,PfVarATS,Unkn,219,NaN,NaN,0
H02,FAM,PfVarATS,Unkn,220,NaN,NaN,0
H03,FAM,PfVarATS,Unkn,221,NaN,NaN,0
H04,FAM,PfVarATS,Unkn,224,36.88790573,NaN,36.88790573
H05,FAM,PfVarATS,Unkn,228,NaN,NaN,0
H06,FAM,PfVarATS,Unkn,231,NaN,NaN,0
H07,FAM,PfVarATS,Unkn,232,NaN,NaN,0
H08,FAM,PfVarATS,Unkn,237,37.47787253,NaN,37.47787253
H09,FAM,PfVarATS,Unkn,239,NaN,NaN,0
H10,FAM,PfVarATS,Unkn,240,NaN,NaN,0
A01,FAM,PfVarATS,Unkn,964,NaN,NaN,0
A02,FAM,PfVarATS,Unkn,965,37.01663581,NaN,37.01663581
A04,FAM,PfVarATS,Unkn,967,42.24737468,NaN,42.24737468
A05,FAM,PfVarATS,Unkn,968,40.43792901,NaN,40.43792901
A06,FAM,PfVarATS,Unkn,969,NaN,NaN,0
A07,FAM,PfVarATS,Unkn,970,NaN,NaN,0
A08,FAM,PfVarATS,Unkn,971,NaN,NaN,0
A09,FAM,PfVarATS,Unkn,972,38.53414977,NaN,38.53414977
A10,FAM,PfVarATS,Unkn,973,NaN,NaN,0
A11,FAM,PfVarATS,Unkn,974,37.63817907,NaN,37.63817907
A12,FAM,PfVarATS,Unkn,975,NaN,NaN,0
B01,FAM,PfVarATS,Unkn,976,38.42867167,NaN,38.42867167
B03,FAM,PfVarATS,Unkn,2371,41.04395638,NaN,41.04395638
B04,FAM,PfVarATS,Unkn,2372,NaN,NaN,0
B05,FAM,PfVarATS,Unkn,2373,40.37049039,NaN,40.37049039
B07,FAM,PfVarATS,Unkn,2375,NaN,NaN,0
B08,FAM,PfVarATS,Unkn,2376,37.09544975,NaN,37.09544975
B09,FAM,PfVarATS,Unkn,2377,43.31913477,NaN,43.31913477
B10,FAM,PfVarATS,Unkn,2378,NaN,NaN,0
B11,FAM,PfVarATS,Unkn,2379,NaN,NaN,0
B12,FAM,PfVarATS,Unkn,2380,NaN,NaN,0
C01,FAM,PfVarATS,Unkn,2381,NaN,NaN,0
C02,FAM,PfVarATS,Unkn,2382,NaN,NaN,0
C03,FAM,PfVarATS,Unkn,2383,41.7472164,NaN,41.7472164
C04,FAM,PfVarATS,Unkn,2384,39.06645234,NaN,39.06645234
C05,FAM,PfVarATS,Unkn,2385,NaN,NaN,0
C06,FAM,PfVarATS,Unkn,2386,NaN,NaN,0
C07,FAM,PfVarATS,Unkn,2387,NaN,NaN,0
C08,FAM,PfVarATS,Unkn,2388,NaN,NaN,0
C09,FAM,PfVarATS,Unkn,2389,NaN,NaN,0
C10,FAM,PfVarATS,Unkn,2390,39.63745604,NaN,39.63745604
C11,FAM,PfVarATS,Unkn,2391,NaN,NaN,0
C12,FAM,PfVarATS,Unkn,2392,NaN,NaN,0
D01,FAM,PfVarATS,Unkn,2393,NaN,NaN,0
D02,FAM,PfVarATS,Unkn,2394,NaN,NaN,0
D03,FAM,PfVarATS,Unkn,2395,NaN,NaN,0
D04,FAM,PfVarATS,Unkn,2396,NaN,NaN,0
D05,FAM,PfVarATS,Unkn,2397,NaN,NaN,0
D06,FAM,PfVarATS,Unkn,2398,NaN,NaN,0
D07,FAM,PfVarATS,Unkn,2399,NaN,NaN,0
D08,FAM,PfVarATS,Unkn,2400,NaN,NaN,0
D09,FAM,PfVarATS,Unkn,2401,NaN,NaN,0
D10,FAM,PfVarATS,Unkn,2402,41.56978798,NaN,41.56978798
D11,FAM,PfVarATS,Unkn,2403,NaN,NaN,0
D12,FAM,PfVarATS,Unkn,2404,NaN,NaN,0
E01,FAM,PfVarATS,Unkn,2405,NaN,NaN,0
E02,FAM,PfVarATS,Unkn,2406,NaN,NaN,0
E03,FAM,PfVarATS,Unkn,2407,44.57725828,NaN,44.57725828
E04,FAM,PfVarATS,Unkn,2408,43.7565115,NaN,43.7565115
E05,FAM,PfVarATS,Unkn,2409,NaN,NaN,0
E06,FAM,PfVarATS,Unkn,2410,NaN,NaN,0
E07,FAM,PfVarATS,Unkn,2411,NaN,NaN,0
E08,FAM,PfVarATS,Unkn,2412,NaN,NaN,0
E09,FAM,PfVarATS,Unkn,2413,NaN,NaN,0
E10,FAM,PfVarATS,Unkn,2414,NaN,NaN,0
E11,FAM,PfVarATS,Unkn,2415,NaN,NaN,0
F01,FAM,PfVarATS,Unkn,2417,NaN,NaN,0
F02,FAM,PfVarATS,Unkn,2418,NaN,NaN,0
F03,FAM,PfVarATS,Unkn,2419,NaN,NaN,0
F04,FAM,PfVarATS,Unkn,2420,NaN,NaN,0
F05,FAM,PfVarATS,Unkn,2421,36.40518766,NaN,36.40518766
F06,FAM,PfVarATS,Unkn,2422,NaN,NaN,0
F07,FAM,PfVarATS,Unkn,2423,NaN,NaN,0
F08,FAM,PfVarATS,Unkn,2424,38.23171707,NaN,38.23171707
F09,FAM,PfVarATS,Unkn,2425,37.67963249,NaN,37.67963249
F10,FAM,PfVarATS,Unkn,2426,NaN,NaN,0
F11,FAM,PfVarATS,Unkn,2427,NaN,NaN,0
F12,FAM,PfVarATS,Unkn,2428,NaN,NaN,0
G01,FAM,PfVarATS,Unkn,2429,37.47530395,NaN,37.47530395
G02,FAM,PfVarATS,Unkn,2430,NaN,NaN,0
G03,FAM,PfVarATS,Unkn,2431,NaN,NaN,0
G04,FAM,PfVarATS,Unkn,2432,NaN,NaN,0
G05,FAM,PfVarATS,Unkn,2433,NaN,NaN,0
G06,FAM,PfVarATS,Unkn,2434,41.88623907,NaN,41.88623907
G07,FAM,PfVarATS,Unkn,2747,36.85985131,NaN,36.85985131
G08,FAM,PfVarATS,Unkn,2748,36.04122231,NaN,36.04122231
G09,FAM,PfVarATS,Unkn,2749,NaN,NaN,0
G10,FAM,PfVarATS,Unkn,2750,NaN,NaN,0
G11,FAM,PfVarATS,Unkn,2751,NaN,NaN,0
G12,FAM,PfVarATS,Unkn,2752,NaN,NaN,0
H01,FAM,PfVarATS,Unkn,2753,NaN,NaN,0
H02,FAM,PfVarATS,Unkn,2754,NaN,NaN,0
H04,FAM,PfVarATS,Unkn,2756,NaN,NaN,0
H06,FAM,PfVarATS,Unkn,2758,NaN,NaN,0
A01,FAM,PfVarATS,Unkn,1045,NaN,NaN,0
A02,FAM,PfVarATS,Unkn,1046,NaN,NaN,0
A04,FAM,PfVarATS,Unkn,1048,NaN,NaN,0
A05,FAM,PfVarATS,Unkn,1049,NaN,NaN,0
A06,FAM,PfVarATS,Unkn,1050,NaN,NaN,0
A07,FAM,PfVarATS,Unkn,1051,40.5862723,NaN,40.5862723
A09,FAM,PfVarATS,Unkn,1053,NaN,NaN,0
A10,FAM,PfVarATS,Unkn,1054,NaN,NaN,0
A11,FAM,PfVarATS,Unkn,1055,NaN,NaN,0
B02,FAM,PfVarATS,Unkn,4949,NaN,NaN,0
B05,FAM,PfVarATS,Unkn,4952,36.75670493,NaN,36.75670493
B06,FAM,PfVarATS,Unkn,4953,NaN,NaN,0
B07,FAM,PfVarATS,Unkn,4954,36.23721465,NaN,36.23721465
B08,FAM,PfVarATS,Unkn,4955,36.28409308,NaN,36.28409308
C01,FAM,PfVarATS,Unkn,4960,36.59972141,NaN,36.59972141
C03,FAM,PfVarATS,Unkn,4962,41.58056496,NaN,41.58056496
C05,FAM,PfVarATS,Unkn,4964,NaN,NaN,0
C12,FAM,PfVarATS,Unkn,4971,37.09476848,NaN,37.09476848
D02,FAM,PfVarATS,Unkn,4973,36.39079124,NaN,36.39079124
D03,FAM,PfVarATS,Unkn,4974,NaN,NaN,0
D05,FAM,PfVarATS,Unkn,4976,36.84997051,NaN,36.84997051
D08,FAM,PfVarATS,Unkn,4979,36.36992288,NaN,36.36992288
E09,FAM,PfVarATS,Unkn,4992,38.67523225,NaN,38.67523225
F03,FAM,PfVarATS,Unkn,4998,36.36992684,NaN,36.36992684
F08,FAM,PfVarATS,Unkn,5003,36.46378909,NaN,36.46378909
F09,FAM,PfVarATS,Unkn,5004,NaN,NaN,0
F11,FAM,PfVarATS,Unkn,5006,38.49696387,NaN,38.49696387
G01,FAM,PfVarATS,Unkn,5008,37.7608607,NaN,37.7608607
G04,FAM,PfVarATS,Unkn,5011,36.13506844,NaN,36.13506844
G09,FAM,PfVarATS,Unkn,5016,NaN,NaN,0
G11,FAM,PfVarATS,Unkn,5018,36.95597395,NaN,36.95597395
H01,FAM,PfVarATS,Unkn,5020,39.0869566,NaN,39.0869566
H06,FAM,PfVarATS,Unkn,5025,NaN,NaN,0
